dataset_name,model_type,trial_id,val_f1,val_acc,split_type,timestamp_group,model_name,param_n_neighbors,param_weights,param_metric,source_path,param_C,param_solver,param_class_weight,param_hidden_layer_sizes,param_activation,param_alpha,param_learning_rate_init,param_learning_rate,param_batch_size,param_reg_param,param_tol,param_n_estimators,param_max_depth,param_min_samples_split,param_max_features,param_criterion,param_penalty,param_loss,param_dual,param_subsample,param_colsample_bytree,param_gamma,param_min_child_weight,param_scale_pos_weight
Musae-Github_(32)_embeddings_10-12-2025_15-59-55,KNN,0,0.8423549248210788,0.8503978779840848,fixed_mask_opt_only,22-12-2025_13-58-53,KNN,15.0,uniform,euclidean,data/output/OPTUNA_RUNS/SKLEARN_Classifiers-nokfold/22-12-2025_13-58-53/Musae-Github_(32)_embeddings_10-12-2025_15-59-55/KNN/Trial_0/Musae-Github_(32)_embeddings_10-12-2025_15-59-55__f1_08424__16-59-21/run_report.json,,,,,,,,,,,,,,,,,,,,,,,,
Musae-Github_(32)_embeddings_10-12-2025_15-59-55,KNN,1,0.8429908805766907,0.8509283819628647,fixed_mask_opt_only,22-12-2025_13-58-53,KNN,31.0,distance,manhattan,data/output/OPTUNA_RUNS/SKLEARN_Classifiers-nokfold/22-12-2025_13-58-53/Musae-Github_(32)_embeddings_10-12-2025_15-59-55/KNN/Trial_1/Musae-Github_(32)_embeddings_10-12-2025_15-59-55__f1_08430__16-59-21/run_report.json,,,,,,,,,,,,,,,,,,,,,,,,
Musae-Github_(32)_embeddings_10-12-2025_15-59-55,KNN,10,0.8426762381432717,0.8474801061007957,fixed_mask_opt_only,22-12-2025_13-58-53,KNN,11.0,distance,cosine,data/output/OPTUNA_RUNS/SKLEARN_Classifiers-nokfold/22-12-2025_13-58-53/Musae-Github_(32)_embeddings_10-12-2025_15-59-55/KNN/Trial_10/Musae-Github_(32)_embeddings_10-12-2025_15-59-55__f1_08427__16-59-30/run_report.json,,,,,,,,,,,,,,,,,,,,,,,,
Musae-Github_(32)_embeddings_10-12-2025_15-59-55,KNN,11,0.849026039336063,0.8541114058355438,fixed_mask_opt_only,22-12-2025_13-58-53,KNN,21.0,distance,cosine,data/output/OPTUNA_RUNS/SKLEARN_Classifiers-nokfold/22-12-2025_13-58-53/Musae-Github_(32)_embeddings_10-12-2025_15-59-55/KNN/Trial_11/Musae-Github_(32)_embeddings_10-12-2025_15-59-55__f1_08490__16-59-32/run_report.json,,,,,,,,,,,,,,,,,,,,,,,,
Musae-Github_(32)_embeddings_10-12-2025_15-59-55,KNN,12,0.849026039336063,0.8541114058355438,fixed_mask_opt_only,22-12-2025_13-58-53,KNN,21.0,distance,cosine,data/output/OPTUNA_RUNS/SKLEARN_Classifiers-nokfold/22-12-2025_13-58-53/Musae-Github_(32)_embeddings_10-12-2025_15-59-55/KNN/Trial_12/Musae-Github_(32)_embeddings_10-12-2025_15-59-55__f1_08490__16-59-33/run_report.json,,,,,,,,,,,,,,,,,,,,,,,,
Musae-Github_(32)_embeddings_10-12-2025_15-59-55,KNN,13,0.849026039336063,0.8541114058355438,fixed_mask_opt_only,22-12-2025_13-58-53,KNN,21.0,distance,cosine,data/output/OPTUNA_RUNS/SKLEARN_Classifiers-nokfold/22-12-2025_13-58-53/Musae-Github_(32)_embeddings_10-12-2025_15-59-55/KNN/Trial_13/Musae-Github_(32)_embeddings_10-12-2025_15-59-55__f1_08490__16-59-35/run_report.json,,,,,,,,,,,,,,,,,,,,,,,,
Musae-Github_(32)_embeddings_10-12-2025_15-59-55,KNN,14,0.8293582556901709,0.83342175066313,fixed_mask_opt_only,22-12-2025_13-58-53,KNN,3.0,distance,cosine,data/output/OPTUNA_RUNS/SKLEARN_Classifiers-nokfold/22-12-2025_13-58-53/Musae-Github_(32)_embeddings_10-12-2025_15-59-55/KNN/Trial_14/Musae-Github_(32)_embeddings_10-12-2025_15-59-55__f1_08294__16-59-36/run_report.json,,,,,,,,,,,,,,,,,,,,,,,,
Musae-Github_(32)_embeddings_10-12-2025_15-59-55,KNN,15,0.8457989237527765,0.8538461538461538,fixed_mask_opt_only,22-12-2025_13-58-53,KNN,51.0,distance,manhattan,data/output/OPTUNA_RUNS/SKLEARN_Classifiers-nokfold/22-12-2025_13-58-53/Musae-Github_(32)_embeddings_10-12-2025_15-59-55/KNN/Trial_15/Musae-Github_(32)_embeddings_10-12-2025_15-59-55__f1_08458__16-59-38/run_report.json,,,,,,,,,,,,,,,,,,,,,,,,
Musae-Github_(32)_embeddings_10-12-2025_15-59-55,KNN,16,0.8392911858638795,0.8440318302387267,fixed_mask_opt_only,22-12-2025_13-58-53,KNN,5.0,distance,cosine,data/output/OPTUNA_RUNS/SKLEARN_Classifiers-nokfold/22-12-2025_13-58-53/Musae-Github_(32)_embeddings_10-12-2025_15-59-55/KNN/Trial_16/Musae-Github_(32)_embeddings_10-12-2025_15-59-55__f1_08393__16-59-39/run_report.json,,,,,,,,,,,,,,,,,,,,,,,,
Musae-Github_(32)_embeddings_10-12-2025_15-59-55,KNN,17,0.849026039336063,0.8541114058355438,fixed_mask_opt_only,22-12-2025_13-58-53,KNN,21.0,distance,cosine,data/output/OPTUNA_RUNS/SKLEARN_Classifiers-nokfold/22-12-2025_13-58-53/Musae-Github_(32)_embeddings_10-12-2025_15-59-55/KNN/Trial_17/Musae-Github_(32)_embeddings_10-12-2025_15-59-55__f1_08490__16-59-40/run_report.json,,,,,,,,,,,,,,,,,,,,,,,,
Musae-Github_(32)_embeddings_10-12-2025_15-59-55,KNN,18,0.8429908805766907,0.8509283819628647,fixed_mask_opt_only,22-12-2025_13-58-53,KNN,21.0,distance,manhattan,data/output/OPTUNA_RUNS/SKLEARN_Classifiers-nokfold/22-12-2025_13-58-53/Musae-Github_(32)_embeddings_10-12-2025_15-59-55/KNN/Trial_18/Musae-Github_(32)_embeddings_10-12-2025_15-59-55__f1_08430__16-59-42/run_report.json,,,,,,,,,,,,,,,,,,,,,,,,
Musae-Github_(32)_embeddings_10-12-2025_15-59-55,KNN,19,0.8382708642496132,0.8458885941644563,fixed_mask_opt_only,22-12-2025_13-58-53,KNN,5.0,distance,euclidean,data/output/OPTUNA_RUNS/SKLEARN_Classifiers-nokfold/22-12-2025_13-58-53/Musae-Github_(32)_embeddings_10-12-2025_15-59-55/KNN/Trial_19/Musae-Github_(32)_embeddings_10-12-2025_15-59-55__f1_08383__16-59-42/run_report.json,,,,,,,,,,,,,,,,,,,,,,,,
Musae-Github_(32)_embeddings_10-12-2025_15-59-55,KNN,2,0.8465595620813942,0.8519893899204244,fixed_mask_opt_only,22-12-2025_13-58-53,KNN,15.0,uniform,cosine,data/output/OPTUNA_RUNS/SKLEARN_Classifiers-nokfold/22-12-2025_13-58-53/Musae-Github_(32)_embeddings_10-12-2025_15-59-55/KNN/Trial_2/Musae-Github_(32)_embeddings_10-12-2025_15-59-55__f1_08466__16-59-21/run_report.json,,,,,,,,,,,,,,,,,,,,,,,,
Musae-Github_(32)_embeddings_10-12-2025_15-59-55,KNN,20,0.8293582556901709,0.83342175066313,fixed_mask_opt_only,22-12-2025_13-58-53,KNN,3.0,distance,cosine,data/output/OPTUNA_RUNS/SKLEARN_Classifiers-nokfold/22-12-2025_13-58-53/Musae-Github_(32)_embeddings_10-12-2025_15-59-55/KNN/Trial_20/Musae-Github_(32)_embeddings_10-12-2025_15-59-55__f1_08294__16-59-43/run_report.json,,,,,,,,,,,,,,,,,,,,,,,,
Musae-Github_(32)_embeddings_10-12-2025_15-59-55,KNN,21,0.849026039336063,0.8541114058355438,fixed_mask_opt_only,22-12-2025_13-58-53,KNN,21.0,distance,cosine,data/output/OPTUNA_RUNS/SKLEARN_Classifiers-nokfold/22-12-2025_13-58-53/Musae-Github_(32)_embeddings_10-12-2025_15-59-55/KNN/Trial_21/Musae-Github_(32)_embeddings_10-12-2025_15-59-55__f1_08490__16-59-44/run_report.json,,,,,,,,,,,,,,,,,,,,,,,,
Musae-Github_(32)_embeddings_10-12-2025_15-59-55,KNN,22,0.849026039336063,0.8541114058355438,fixed_mask_opt_only,22-12-2025_13-58-53,KNN,21.0,distance,cosine,data/output/OPTUNA_RUNS/SKLEARN_Classifiers-nokfold/22-12-2025_13-58-53/Musae-Github_(32)_embeddings_10-12-2025_15-59-55/KNN/Trial_22/Musae-Github_(32)_embeddings_10-12-2025_15-59-55__f1_08490__16-59-46/run_report.json,,,,,,,,,,,,,,,,,,,,,,,,
Musae-Github_(32)_embeddings_10-12-2025_15-59-55,KNN,23,0.849026039336063,0.8541114058355438,fixed_mask_opt_only,22-12-2025_13-58-53,KNN,21.0,distance,cosine,data/output/OPTUNA_RUNS/SKLEARN_Classifiers-nokfold/22-12-2025_13-58-53/Musae-Github_(32)_embeddings_10-12-2025_15-59-55/KNN/Trial_23/Musae-Github_(32)_embeddings_10-12-2025_15-59-55__f1_08490__16-59-48/run_report.json,,,,,,,,,,,,,,,,,,,,,,,,
Musae-Github_(32)_embeddings_10-12-2025_15-59-55,KNN,24,0.8456527797176365,0.8503978779840848,fixed_mask_opt_only,22-12-2025_13-58-53,KNN,9.0,distance,cosine,data/output/OPTUNA_RUNS/SKLEARN_Classifiers-nokfold/22-12-2025_13-58-53/Musae-Github_(32)_embeddings_10-12-2025_15-59-55/KNN/Trial_24/Musae-Github_(32)_embeddings_10-12-2025_15-59-55__f1_08457__16-59-49/run_report.json,,,,,,,,,,,,,,,,,,,,,,,,
Musae-Github_(32)_embeddings_10-12-2025_15-59-55,KNN,25,0.8466952614598964,0.8519893899204244,fixed_mask_opt_only,22-12-2025_13-58-53,KNN,31.0,distance,cosine,data/output/OPTUNA_RUNS/SKLEARN_Classifiers-nokfold/22-12-2025_13-58-53/Musae-Github_(32)_embeddings_10-12-2025_15-59-55/KNN/Trial_25/Musae-Github_(32)_embeddings_10-12-2025_15-59-55__f1_08467__16-59-51/run_report.json,,,,,,,,,,,,,,,,,,,,,,,,
Musae-Github_(32)_embeddings_10-12-2025_15-59-55,KNN,26,0.8426762381432717,0.8474801061007957,fixed_mask_opt_only,22-12-2025_13-58-53,KNN,11.0,distance,cosine,data/output/OPTUNA_RUNS/SKLEARN_Classifiers-nokfold/22-12-2025_13-58-53/Musae-Github_(32)_embeddings_10-12-2025_15-59-55/KNN/Trial_26/Musae-Github_(32)_embeddings_10-12-2025_15-59-55__f1_08427__16-59-52/run_report.json,,,,,,,,,,,,,,,,,,,,,,,,
Musae-Github_(32)_embeddings_10-12-2025_15-59-55,KNN,27,0.8475238614909617,0.8530503978779841,fixed_mask_opt_only,22-12-2025_13-58-53,KNN,51.0,distance,cosine,data/output/OPTUNA_RUNS/SKLEARN_Classifiers-nokfold/22-12-2025_13-58-53/Musae-Github_(32)_embeddings_10-12-2025_15-59-55/KNN/Trial_27/Musae-Github_(32)_embeddings_10-12-2025_15-59-55__f1_08475__16-59-54/run_report.json,,,,,,,,,,,,,,,,,,,,,,,,
Musae-Github_(32)_embeddings_10-12-2025_15-59-55,KNN,28,0.8409183203379724,0.8490716180371353,fixed_mask_opt_only,22-12-2025_13-58-53,KNN,21.0,distance,euclidean,data/output/OPTUNA_RUNS/SKLEARN_Classifiers-nokfold/22-12-2025_13-58-53/Musae-Github_(32)_embeddings_10-12-2025_15-59-55/KNN/Trial_28/Musae-Github_(32)_embeddings_10-12-2025_15-59-55__f1_08409__16-59-55/run_report.json,,,,,,,,,,,,,,,,,,,,,,,,
Musae-Github_(32)_embeddings_10-12-2025_15-59-55,KNN,29,0.8426730032061069,0.8506631299734748,fixed_mask_opt_only,22-12-2025_13-58-53,KNN,21.0,uniform,manhattan,data/output/OPTUNA_RUNS/SKLEARN_Classifiers-nokfold/22-12-2025_13-58-53/Musae-Github_(32)_embeddings_10-12-2025_15-59-55/KNN/Trial_29/Musae-Github_(32)_embeddings_10-12-2025_15-59-55__f1_08427__16-59-55/run_report.json,,,,,,,,,,,,,,,,,,,,,,,,
Musae-Github_(32)_embeddings_10-12-2025_15-59-55,KNN,3,0.8465595620813942,0.8519893899204244,fixed_mask_opt_only,22-12-2025_13-58-53,KNN,15.0,uniform,cosine,data/output/OPTUNA_RUNS/SKLEARN_Classifiers-nokfold/22-12-2025_13-58-53/Musae-Github_(32)_embeddings_10-12-2025_15-59-55/KNN/Trial_3/Musae-Github_(32)_embeddings_10-12-2025_15-59-55__f1_08466__16-59-23/run_report.json,,,,,,,,,,,,,,,,,,,,,,,,
Musae-Github_(32)_embeddings_10-12-2025_15-59-55,KNN,4,0.8381154652913906,0.8458885941644563,fixed_mask_opt_only,22-12-2025_13-58-53,KNN,7.0,distance,euclidean,data/output/OPTUNA_RUNS/SKLEARN_Classifiers-nokfold/22-12-2025_13-58-53/Musae-Github_(32)_embeddings_10-12-2025_15-59-55/KNN/Trial_4/Musae-Github_(32)_embeddings_10-12-2025_15-59-55__f1_08381__16-59-25/run_report.json,,,,,,,,,,,,,,,,,,,,,,,,
Musae-Github_(32)_embeddings_10-12-2025_15-59-55,KNN,5,0.849026039336063,0.8541114058355438,fixed_mask_opt_only,22-12-2025_13-58-53,KNN,21.0,distance,cosine,data/output/OPTUNA_RUNS/SKLEARN_Classifiers-nokfold/22-12-2025_13-58-53/Musae-Github_(32)_embeddings_10-12-2025_15-59-55/KNN/Trial_5/Musae-Github_(32)_embeddings_10-12-2025_15-59-55__f1_08490__16-59-25/run_report.json,,,,,,,,,,,,,,,,,,,,,,,,
Musae-Github_(32)_embeddings_10-12-2025_15-59-55,KNN,6,0.8456527797176365,0.8503978779840848,fixed_mask_opt_only,22-12-2025_13-58-53,KNN,9.0,distance,cosine,data/output/OPTUNA_RUNS/SKLEARN_Classifiers-nokfold/22-12-2025_13-58-53/Musae-Github_(32)_embeddings_10-12-2025_15-59-55/KNN/Trial_6/Musae-Github_(32)_embeddings_10-12-2025_15-59-55__f1_08457__16-59-27/run_report.json,,,,,,,,,,,,,,,,,,,,,,,,
Musae-Github_(32)_embeddings_10-12-2025_15-59-55,KNN,7,0.8423549248210788,0.8503978779840848,fixed_mask_opt_only,22-12-2025_13-58-53,KNN,15.0,uniform,euclidean,data/output/OPTUNA_RUNS/SKLEARN_Classifiers-nokfold/22-12-2025_13-58-53/Musae-Github_(32)_embeddings_10-12-2025_15-59-55/KNN/Trial_7/Musae-Github_(32)_embeddings_10-12-2025_15-59-55__f1_08424__16-59-28/run_report.json,,,,,,,,,,,,,,,,,,,,,,,,
Musae-Github_(32)_embeddings_10-12-2025_15-59-55,KNN,8,0.8382770675545151,0.8461538461538461,fixed_mask_opt_only,22-12-2025_13-58-53,KNN,7.0,uniform,manhattan,data/output/OPTUNA_RUNS/SKLEARN_Classifiers-nokfold/22-12-2025_13-58-53/Musae-Github_(32)_embeddings_10-12-2025_15-59-55/KNN/Trial_8/Musae-Github_(32)_embeddings_10-12-2025_15-59-55__f1_08383__16-59-28/run_report.json,,,,,,,,,,,,,,,,,,,,,,,,
Musae-Github_(32)_embeddings_10-12-2025_15-59-55,KNN,9,0.8471380496996394,0.8522546419098144,fixed_mask_opt_only,22-12-2025_13-58-53,KNN,21.0,uniform,cosine,data/output/OPTUNA_RUNS/SKLEARN_Classifiers-nokfold/22-12-2025_13-58-53/Musae-Github_(32)_embeddings_10-12-2025_15-59-55/KNN/Trial_9/Musae-Github_(32)_embeddings_10-12-2025_15-59-55__f1_08471__16-59-29/run_report.json,,,,,,,,,,,,,,,,,,,,,,,,
Musae-Github_(32)_embeddings_10-12-2025_15-59-55,LogisticRegression,0,0.8368774765068594,0.8344827586206897,fixed_mask_opt_only,22-12-2025_13-58-53,LogisticRegression,,,,data/output/OPTUNA_RUNS/SKLEARN_Classifiers-nokfold/22-12-2025_13-58-53/Musae-Github_(32)_embeddings_10-12-2025_15-59-55/LogisticRegression/Trial_0/Musae-Github_(32)_embeddings_10-12-2025_15-59-55__f1_08369__16-58-54/run_report.json,0.1,liblinear,balanced,,,,,,,,,,,,,,,,,,,,,
Musae-Github_(32)_embeddings_10-12-2025_15-59-55,LogisticRegression,1,0.8308819802811972,0.8275862068965517,fixed_mask_opt_only,22-12-2025_13-58-53,LogisticRegression,,,,data/output/OPTUNA_RUNS/SKLEARN_Classifiers-nokfold/22-12-2025_13-58-53/Musae-Github_(32)_embeddings_10-12-2025_15-59-55/LogisticRegression/Trial_1/Musae-Github_(32)_embeddings_10-12-2025_15-59-55__f1_08309__16-58-54/run_report.json,10.0,lbfgs,balanced,,,,,,,,,,,,,,,,,,,,,
Musae-Github_(32)_embeddings_10-12-2025_15-59-55,LogisticRegression,10,0.8368774765068594,0.8344827586206897,fixed_mask_opt_only,22-12-2025_13-58-53,LogisticRegression,,,,data/output/OPTUNA_RUNS/SKLEARN_Classifiers-nokfold/22-12-2025_13-58-53/Musae-Github_(32)_embeddings_10-12-2025_15-59-55/LogisticRegression/Trial_10/Musae-Github_(32)_embeddings_10-12-2025_15-59-55__f1_08369__16-59-04/run_report.json,0.1,liblinear,balanced,,,,,,,,,,,,,,,,,,,,,
Musae-Github_(32)_embeddings_10-12-2025_15-59-55,LogisticRegression,11,0.8368774765068594,0.8344827586206897,fixed_mask_opt_only,22-12-2025_13-58-53,LogisticRegression,,,,data/output/OPTUNA_RUNS/SKLEARN_Classifiers-nokfold/22-12-2025_13-58-53/Musae-Github_(32)_embeddings_10-12-2025_15-59-55/LogisticRegression/Trial_11/Musae-Github_(32)_embeddings_10-12-2025_15-59-55__f1_08369__16-59-04/run_report.json,0.1,liblinear,balanced,,,,,,,,,,,,,,,,,,,,,
Musae-Github_(32)_embeddings_10-12-2025_15-59-55,LogisticRegression,12,0.8319822387833418,0.8291777188328913,fixed_mask_opt_only,22-12-2025_13-58-53,LogisticRegression,,,,data/output/OPTUNA_RUNS/SKLEARN_Classifiers-nokfold/22-12-2025_13-58-53/Musae-Github_(32)_embeddings_10-12-2025_15-59-55/LogisticRegression/Trial_12/Musae-Github_(32)_embeddings_10-12-2025_15-59-55__f1_08320__16-59-05/run_report.json,0.001,liblinear,balanced,,,,,,,,,,,,,,,,,,,,,
Musae-Github_(32)_embeddings_10-12-2025_15-59-55,LogisticRegression,13,0.8368774765068594,0.8344827586206897,fixed_mask_opt_only,22-12-2025_13-58-53,LogisticRegression,,,,data/output/OPTUNA_RUNS/SKLEARN_Classifiers-nokfold/22-12-2025_13-58-53/Musae-Github_(32)_embeddings_10-12-2025_15-59-55/LogisticRegression/Trial_13/Musae-Github_(32)_embeddings_10-12-2025_15-59-55__f1_08369__16-59-05/run_report.json,0.1,liblinear,balanced,,,,,,,,,,,,,,,,,,,,,
Musae-Github_(32)_embeddings_10-12-2025_15-59-55,LogisticRegression,14,0.8403106448730135,0.8384615384615385,fixed_mask_opt_only,22-12-2025_13-58-53,LogisticRegression,,,,data/output/OPTUNA_RUNS/SKLEARN_Classifiers-nokfold/22-12-2025_13-58-53/Musae-Github_(32)_embeddings_10-12-2025_15-59-55/LogisticRegression/Trial_14/Musae-Github_(32)_embeddings_10-12-2025_15-59-55__f1_08403__16-59-05/run_report.json,0.01,liblinear,balanced,,,,,,,,,,,,,,,,,,,,,
Musae-Github_(32)_embeddings_10-12-2025_15-59-55,LogisticRegression,15,0.8403106448730135,0.8384615384615385,fixed_mask_opt_only,22-12-2025_13-58-53,LogisticRegression,,,,data/output/OPTUNA_RUNS/SKLEARN_Classifiers-nokfold/22-12-2025_13-58-53/Musae-Github_(32)_embeddings_10-12-2025_15-59-55/LogisticRegression/Trial_15/Musae-Github_(32)_embeddings_10-12-2025_15-59-55__f1_08403__16-59-05/run_report.json,0.01,liblinear,balanced,,,,,,,,,,,,,,,,,,,,,
Musae-Github_(32)_embeddings_10-12-2025_15-59-55,LogisticRegression,16,0.8403106448730135,0.8384615384615385,fixed_mask_opt_only,22-12-2025_13-58-53,LogisticRegression,,,,data/output/OPTUNA_RUNS/SKLEARN_Classifiers-nokfold/22-12-2025_13-58-53/Musae-Github_(32)_embeddings_10-12-2025_15-59-55/LogisticRegression/Trial_16/Musae-Github_(32)_embeddings_10-12-2025_15-59-55__f1_08403__16-59-05/run_report.json,0.01,liblinear,balanced,,,,,,,,,,,,,,,,,,,,,
Musae-Github_(32)_embeddings_10-12-2025_15-59-55,LogisticRegression,17,0.8403106448730135,0.8384615384615385,fixed_mask_opt_only,22-12-2025_13-58-53,LogisticRegression,,,,data/output/OPTUNA_RUNS/SKLEARN_Classifiers-nokfold/22-12-2025_13-58-53/Musae-Github_(32)_embeddings_10-12-2025_15-59-55/LogisticRegression/Trial_17/Musae-Github_(32)_embeddings_10-12-2025_15-59-55__f1_08403__16-59-06/run_report.json,0.01,liblinear,balanced,,,,,,,,,,,,,,,,,,,,,
Musae-Github_(32)_embeddings_10-12-2025_15-59-55,LogisticRegression,18,0.8407877589253941,0.8389920424403183,fixed_mask_opt_only,22-12-2025_13-58-53,LogisticRegression,,,,data/output/OPTUNA_RUNS/SKLEARN_Classifiers-nokfold/22-12-2025_13-58-53/Musae-Github_(32)_embeddings_10-12-2025_15-59-55/LogisticRegression/Trial_18/Musae-Github_(32)_embeddings_10-12-2025_15-59-55__f1_08408__16-59-06/run_report.json,0.01,lbfgs,balanced,,,,,,,,,,,,,,,,,,,,,
Musae-Github_(32)_embeddings_10-12-2025_15-59-55,LogisticRegression,19,0.8407877589253941,0.8389920424403183,fixed_mask_opt_only,22-12-2025_13-58-53,LogisticRegression,,,,data/output/OPTUNA_RUNS/SKLEARN_Classifiers-nokfold/22-12-2025_13-58-53/Musae-Github_(32)_embeddings_10-12-2025_15-59-55/LogisticRegression/Trial_19/Musae-Github_(32)_embeddings_10-12-2025_15-59-55__f1_08408__16-59-07/run_report.json,0.01,lbfgs,balanced,,,,,,,,,,,,,,,,,,,,,
Musae-Github_(32)_embeddings_10-12-2025_15-59-55,LogisticRegression,2,0.8368774765068594,0.8344827586206897,fixed_mask_opt_only,22-12-2025_13-58-53,LogisticRegression,,,,data/output/OPTUNA_RUNS/SKLEARN_Classifiers-nokfold/22-12-2025_13-58-53/Musae-Github_(32)_embeddings_10-12-2025_15-59-55/LogisticRegression/Trial_2/Musae-Github_(32)_embeddings_10-12-2025_15-59-55__f1_08369__16-58-56/run_report.json,0.1,liblinear,balanced,,,,,,,,,,,,,,,,,,,,,
Musae-Github_(32)_embeddings_10-12-2025_15-59-55,LogisticRegression,20,0.8407877589253941,0.8389920424403183,fixed_mask_opt_only,22-12-2025_13-58-53,LogisticRegression,,,,data/output/OPTUNA_RUNS/SKLEARN_Classifiers-nokfold/22-12-2025_13-58-53/Musae-Github_(32)_embeddings_10-12-2025_15-59-55/LogisticRegression/Trial_20/Musae-Github_(32)_embeddings_10-12-2025_15-59-55__f1_08408__16-59-09/run_report.json,0.01,lbfgs,balanced,,,,,,,,,,,,,,,,,,,,,
Musae-Github_(32)_embeddings_10-12-2025_15-59-55,LogisticRegression,21,0.8407877589253941,0.8389920424403183,fixed_mask_opt_only,22-12-2025_13-58-53,LogisticRegression,,,,data/output/OPTUNA_RUNS/SKLEARN_Classifiers-nokfold/22-12-2025_13-58-53/Musae-Github_(32)_embeddings_10-12-2025_15-59-55/LogisticRegression/Trial_21/Musae-Github_(32)_embeddings_10-12-2025_15-59-55__f1_08408__16-59-10/run_report.json,0.01,lbfgs,balanced,,,,,,,,,,,,,,,,,,,,,
Musae-Github_(32)_embeddings_10-12-2025_15-59-55,LogisticRegression,22,0.8407877589253941,0.8389920424403183,fixed_mask_opt_only,22-12-2025_13-58-53,LogisticRegression,,,,data/output/OPTUNA_RUNS/SKLEARN_Classifiers-nokfold/22-12-2025_13-58-53/Musae-Github_(32)_embeddings_10-12-2025_15-59-55/LogisticRegression/Trial_22/Musae-Github_(32)_embeddings_10-12-2025_15-59-55__f1_08408__16-59-11/run_report.json,0.01,lbfgs,balanced,,,,,,,,,,,,,,,,,,,,,
Musae-Github_(32)_embeddings_10-12-2025_15-59-55,LogisticRegression,23,0.8407877589253941,0.8389920424403183,fixed_mask_opt_only,22-12-2025_13-58-53,LogisticRegression,,,,data/output/OPTUNA_RUNS/SKLEARN_Classifiers-nokfold/22-12-2025_13-58-53/Musae-Github_(32)_embeddings_10-12-2025_15-59-55/LogisticRegression/Trial_23/Musae-Github_(32)_embeddings_10-12-2025_15-59-55__f1_08408__16-59-12/run_report.json,0.01,lbfgs,balanced,,,,,,,,,,,,,,,,,,,,,
Musae-Github_(32)_embeddings_10-12-2025_15-59-55,LogisticRegression,24,0.8355466274760348,0.83342175066313,fixed_mask_opt_only,22-12-2025_13-58-53,LogisticRegression,,,,data/output/OPTUNA_RUNS/SKLEARN_Classifiers-nokfold/22-12-2025_13-58-53/Musae-Github_(32)_embeddings_10-12-2025_15-59-55/LogisticRegression/Trial_24/Musae-Github_(32)_embeddings_10-12-2025_15-59-55__f1_08355__16-59-13/run_report.json,0.001,lbfgs,balanced,,,,,,,,,,,,,,,,,,,,,
Musae-Github_(32)_embeddings_10-12-2025_15-59-55,LogisticRegression,25,0.8407877589253941,0.8389920424403183,fixed_mask_opt_only,22-12-2025_13-58-53,LogisticRegression,,,,data/output/OPTUNA_RUNS/SKLEARN_Classifiers-nokfold/22-12-2025_13-58-53/Musae-Github_(32)_embeddings_10-12-2025_15-59-55/LogisticRegression/Trial_25/Musae-Github_(32)_embeddings_10-12-2025_15-59-55__f1_08408__16-59-15/run_report.json,0.01,lbfgs,balanced,,,,,,,,,,,,,,,,,,,,,
Musae-Github_(32)_embeddings_10-12-2025_15-59-55,LogisticRegression,26,0.8407877589253941,0.8389920424403183,fixed_mask_opt_only,22-12-2025_13-58-53,LogisticRegression,,,,data/output/OPTUNA_RUNS/SKLEARN_Classifiers-nokfold/22-12-2025_13-58-53/Musae-Github_(32)_embeddings_10-12-2025_15-59-55/LogisticRegression/Trial_26/Musae-Github_(32)_embeddings_10-12-2025_15-59-55__f1_08408__16-59-16/run_report.json,0.01,lbfgs,balanced,,,,,,,,,,,,,,,,,,,,,
Musae-Github_(32)_embeddings_10-12-2025_15-59-55,LogisticRegression,27,0.8407877589253941,0.8389920424403183,fixed_mask_opt_only,22-12-2025_13-58-53,LogisticRegression,,,,data/output/OPTUNA_RUNS/SKLEARN_Classifiers-nokfold/22-12-2025_13-58-53/Musae-Github_(32)_embeddings_10-12-2025_15-59-55/LogisticRegression/Trial_27/Musae-Github_(32)_embeddings_10-12-2025_15-59-55__f1_08408__16-59-17/run_report.json,0.01,lbfgs,balanced,,,,,,,,,,,,,,,,,,,,,
Musae-Github_(32)_embeddings_10-12-2025_15-59-55,LogisticRegression,28,0.8407877589253941,0.8389920424403183,fixed_mask_opt_only,22-12-2025_13-58-53,LogisticRegression,,,,data/output/OPTUNA_RUNS/SKLEARN_Classifiers-nokfold/22-12-2025_13-58-53/Musae-Github_(32)_embeddings_10-12-2025_15-59-55/LogisticRegression/Trial_28/Musae-Github_(32)_embeddings_10-12-2025_15-59-55__f1_08408__16-59-18/run_report.json,0.01,lbfgs,balanced,,,,,,,,,,,,,,,,,,,,,
Musae-Github_(32)_embeddings_10-12-2025_15-59-55,LogisticRegression,29,0.8318316490717672,0.8286472148541114,fixed_mask_opt_only,22-12-2025_13-58-53,LogisticRegression,,,,data/output/OPTUNA_RUNS/SKLEARN_Classifiers-nokfold/22-12-2025_13-58-53/Musae-Github_(32)_embeddings_10-12-2025_15-59-55/LogisticRegression/Trial_29/Musae-Github_(32)_embeddings_10-12-2025_15-59-55__f1_08318__16-59-19/run_report.json,1.0,lbfgs,balanced,,,,,,,,,,,,,,,,,,,,,
Musae-Github_(32)_embeddings_10-12-2025_15-59-55,LogisticRegression,3,0.8316397903772756,0.8283819628647214,fixed_mask_opt_only,22-12-2025_13-58-53,LogisticRegression,,,,data/output/OPTUNA_RUNS/SKLEARN_Classifiers-nokfold/22-12-2025_13-58-53/Musae-Github_(32)_embeddings_10-12-2025_15-59-55/LogisticRegression/Trial_3/Musae-Github_(32)_embeddings_10-12-2025_15-59-55__f1_08316__16-58-56/run_report.json,1.0,saga,balanced,,,,,,,,,,,,,,,,,,,,,
Musae-Github_(32)_embeddings_10-12-2025_15-59-55,LogisticRegression,4,0.8314477530214412,0.8281167108753316,fixed_mask_opt_only,22-12-2025_13-58-53,LogisticRegression,,,,data/output/OPTUNA_RUNS/SKLEARN_Classifiers-nokfold/22-12-2025_13-58-53/Musae-Github_(32)_embeddings_10-12-2025_15-59-55/LogisticRegression/Trial_4/Musae-Github_(32)_embeddings_10-12-2025_15-59-55__f1_08314__16-58-59/run_report.json,100.0,liblinear,balanced,,,,,,,,,,,,,,,,,,,,,
Musae-Github_(32)_embeddings_10-12-2025_15-59-55,LogisticRegression,5,0.8308819802811972,0.8275862068965517,fixed_mask_opt_only,22-12-2025_13-58-53,LogisticRegression,,,,data/output/OPTUNA_RUNS/SKLEARN_Classifiers-nokfold/22-12-2025_13-58-53/Musae-Github_(32)_embeddings_10-12-2025_15-59-55/LogisticRegression/Trial_5/Musae-Github_(32)_embeddings_10-12-2025_15-59-55__f1_08309__16-58-59/run_report.json,10.0,lbfgs,balanced,,,,,,,,,,,,,,,,,,,,,
Musae-Github_(32)_embeddings_10-12-2025_15-59-55,LogisticRegression,6,0.8314023434187935,0.8281167108753316,fixed_mask_opt_only,22-12-2025_13-58-53,LogisticRegression,,,,data/output/OPTUNA_RUNS/SKLEARN_Classifiers-nokfold/22-12-2025_13-58-53/Musae-Github_(32)_embeddings_10-12-2025_15-59-55/LogisticRegression/Trial_6/Musae-Github_(32)_embeddings_10-12-2025_15-59-55__f1_08314__16-59-00/run_report.json,10.0,saga,balanced,,,,,,,,,,,,,,,,,,,,,
Musae-Github_(32)_embeddings_10-12-2025_15-59-55,LogisticRegression,7,0.8323066470327392,0.8291777188328913,fixed_mask_opt_only,22-12-2025_13-58-53,LogisticRegression,,,,data/output/OPTUNA_RUNS/SKLEARN_Classifiers-nokfold/22-12-2025_13-58-53/Musae-Github_(32)_embeddings_10-12-2025_15-59-55/LogisticRegression/Trial_7/Musae-Github_(32)_embeddings_10-12-2025_15-59-55__f1_08323__16-59-01/run_report.json,1.0,liblinear,balanced,,,,,,,,,,,,,,,,,,,,,
Musae-Github_(32)_embeddings_10-12-2025_15-59-55,LogisticRegression,8,0.8314023434187935,0.8281167108753316,fixed_mask_opt_only,22-12-2025_13-58-53,LogisticRegression,,,,data/output/OPTUNA_RUNS/SKLEARN_Classifiers-nokfold/22-12-2025_13-58-53/Musae-Github_(32)_embeddings_10-12-2025_15-59-55/LogisticRegression/Trial_8/Musae-Github_(32)_embeddings_10-12-2025_15-59-55__f1_08314__16-59-02/run_report.json,10.0,saga,balanced,,,,,,,,,,,,,,,,,,,,,
Musae-Github_(32)_embeddings_10-12-2025_15-59-55,LogisticRegression,9,0.8308819802811972,0.8275862068965517,fixed_mask_opt_only,22-12-2025_13-58-53,LogisticRegression,,,,data/output/OPTUNA_RUNS/SKLEARN_Classifiers-nokfold/22-12-2025_13-58-53/Musae-Github_(32)_embeddings_10-12-2025_15-59-55/LogisticRegression/Trial_9/Musae-Github_(32)_embeddings_10-12-2025_15-59-55__f1_08309__16-59-03/run_report.json,100.0,lbfgs,balanced,,,,,,,,,,,,,,,,,,,,,
Musae-Github_(32)_embeddings_10-12-2025_15-59-55,MLP,0,0.8515660963009644,0.8575596816976128,fixed_mask_opt_only,22-12-2025_13-58-53,MLP,,,,data/output/OPTUNA_RUNS/SKLEARN_Classifiers-nokfold/22-12-2025_13-58-53/Musae-Github_(32)_embeddings_10-12-2025_15-59-55/MLP/Trial_0/Musae-Github_(32)_embeddings_10-12-2025_15-59-55__f1_08516__17-06-59/run_report.json,,adam,,[64],tanh,0.01,0.01,invscaling,128,,,,,,,,,,,,,,,
Musae-Github_(32)_embeddings_10-12-2025_15-59-55,MLP,1,0.8483550721304569,0.8562334217506631,fixed_mask_opt_only,22-12-2025_13-58-53,MLP,,,,data/output/OPTUNA_RUNS/SKLEARN_Classifiers-nokfold/22-12-2025_13-58-53/Musae-Github_(32)_embeddings_10-12-2025_15-59-55/MLP/Trial_1/Musae-Github_(32)_embeddings_10-12-2025_15-59-55__f1_08484__17-07-03/run_report.json,,adam,,"[16, 8]",tanh,0.001,0.001,invscaling,64,,,,,,,,,,,,,,,
Musae-Github_(32)_embeddings_10-12-2025_15-59-55,MLP,10,0.8512884441385498,0.8580901856763926,fixed_mask_opt_only,22-12-2025_13-58-53,MLP,,,,data/output/OPTUNA_RUNS/SKLEARN_Classifiers-nokfold/22-12-2025_13-58-53/Musae-Github_(32)_embeddings_10-12-2025_15-59-55/MLP/Trial_10/Musae-Github_(32)_embeddings_10-12-2025_15-59-55__f1_08513__17-07-52/run_report.json,,adam,,"[16, 16, 16, 16]",relu,0.01,0.01,invscaling,128,,,,,,,,,,,,,,,
Musae-Github_(32)_embeddings_10-12-2025_15-59-55,MLP,11,0.8512884441385498,0.8580901856763926,fixed_mask_opt_only,22-12-2025_13-58-53,MLP,,,,data/output/OPTUNA_RUNS/SKLEARN_Classifiers-nokfold/22-12-2025_13-58-53/Musae-Github_(32)_embeddings_10-12-2025_15-59-55/MLP/Trial_11/Musae-Github_(32)_embeddings_10-12-2025_15-59-55__f1_08513__17-07-54/run_report.json,,adam,,"[16, 16, 16, 16]",relu,0.01,0.01,invscaling,128,,,,,,,,,,,,,,,
Musae-Github_(32)_embeddings_10-12-2025_15-59-55,MLP,12,0.8449313331309726,0.853315649867374,fixed_mask_opt_only,22-12-2025_13-58-53,MLP,,,,data/output/OPTUNA_RUNS/SKLEARN_Classifiers-nokfold/22-12-2025_13-58-53/Musae-Github_(32)_embeddings_10-12-2025_15-59-55/MLP/Trial_12/Musae-Github_(32)_embeddings_10-12-2025_15-59-55__f1_08449__17-07-57/run_report.json,,adam,,[64],relu,0.01,0.01,invscaling,128,,,,,,,,,,,,,,,
Musae-Github_(32)_embeddings_10-12-2025_15-59-55,MLP,13,0.8512884441385498,0.8580901856763926,fixed_mask_opt_only,22-12-2025_13-58-53,MLP,,,,data/output/OPTUNA_RUNS/SKLEARN_Classifiers-nokfold/22-12-2025_13-58-53/Musae-Github_(32)_embeddings_10-12-2025_15-59-55/MLP/Trial_13/Musae-Github_(32)_embeddings_10-12-2025_15-59-55__f1_08513__17-08-01/run_report.json,,adam,,"[16, 16, 16, 16]",relu,0.01,0.01,invscaling,128,,,,,,,,,,,,,,,
Musae-Github_(32)_embeddings_10-12-2025_15-59-55,MLP,14,0.8461016312216566,0.8538461538461538,fixed_mask_opt_only,22-12-2025_13-58-53,MLP,,,,data/output/OPTUNA_RUNS/SKLEARN_Classifiers-nokfold/22-12-2025_13-58-53/Musae-Github_(32)_embeddings_10-12-2025_15-59-55/MLP/Trial_14/Musae-Github_(32)_embeddings_10-12-2025_15-59-55__f1_08461__17-08-04/run_report.json,,adam,,"[128, 64, 32]",identity,0.01,0.01,invscaling,auto,,,,,,,,,,,,,,,
Musae-Github_(32)_embeddings_10-12-2025_15-59-55,MLP,15,0.8470826410653272,0.8541114058355438,fixed_mask_opt_only,22-12-2025_13-58-53,MLP,,,,data/output/OPTUNA_RUNS/SKLEARN_Classifiers-nokfold/22-12-2025_13-58-53/Musae-Github_(32)_embeddings_10-12-2025_15-59-55/MLP/Trial_15/Musae-Github_(32)_embeddings_10-12-2025_15-59-55__f1_08471__17-08-13/run_report.json,,adam,,"[16, 16, 16, 16]",tanh,0.01,0.0001,adaptive,128,,,,,,,,,,,,,,,
Musae-Github_(32)_embeddings_10-12-2025_15-59-55,MLP,16,0.8452669727894876,0.8525198938992042,fixed_mask_opt_only,22-12-2025_13-58-53,MLP,,,,data/output/OPTUNA_RUNS/SKLEARN_Classifiers-nokfold/22-12-2025_13-58-53/Musae-Github_(32)_embeddings_10-12-2025_15-59-55/MLP/Trial_16/Musae-Github_(32)_embeddings_10-12-2025_15-59-55__f1_08453__17-08-15/run_report.json,,adam,,[64],relu,0.001,0.01,invscaling,128,,,,,,,,,,,,,,,
Musae-Github_(32)_embeddings_10-12-2025_15-59-55,MLP,17,0.8521900549559573,0.8572944297082228,fixed_mask_opt_only,22-12-2025_13-58-53,MLP,,,,data/output/OPTUNA_RUNS/SKLEARN_Classifiers-nokfold/22-12-2025_13-58-53/Musae-Github_(32)_embeddings_10-12-2025_15-59-55/MLP/Trial_17/Musae-Github_(32)_embeddings_10-12-2025_15-59-55__f1_08522__17-08-18/run_report.json,,adam,,"[128, 64, 32]",tanh,0.01,0.01,invscaling,128,,,,,,,,,,,,,,,
Musae-Github_(32)_embeddings_10-12-2025_15-59-55,MLP,18,0.8504909469013452,0.8562334217506631,fixed_mask_opt_only,22-12-2025_13-58-53,MLP,,,,data/output/OPTUNA_RUNS/SKLEARN_Classifiers-nokfold/22-12-2025_13-58-53/Musae-Github_(32)_embeddings_10-12-2025_15-59-55/MLP/Trial_18/Musae-Github_(32)_embeddings_10-12-2025_15-59-55__f1_08505__17-08-29/run_report.json,,adam,,"[128, 64, 32]",tanh,0.01,0.01,adaptive,auto,,,,,,,,,,,,,,,
Musae-Github_(32)_embeddings_10-12-2025_15-59-55,MLP,19,0.8470098188783484,0.8541114058355438,fixed_mask_opt_only,22-12-2025_13-58-53,MLP,,,,data/output/OPTUNA_RUNS/SKLEARN_Classifiers-nokfold/22-12-2025_13-58-53/Musae-Github_(32)_embeddings_10-12-2025_15-59-55/MLP/Trial_19/Musae-Github_(32)_embeddings_10-12-2025_15-59-55__f1_08470__17-08-38/run_report.json,,adam,,"[128, 64, 32]",tanh,0.01,0.0001,constant,128,,,,,,,,,,,,,,,
Musae-Github_(32)_embeddings_10-12-2025_15-59-55,MLP,2,0.8473676220230473,0.8549071618037135,fixed_mask_opt_only,22-12-2025_13-58-53,MLP,,,,data/output/OPTUNA_RUNS/SKLEARN_Classifiers-nokfold/22-12-2025_13-58-53/Musae-Github_(32)_embeddings_10-12-2025_15-59-55/MLP/Trial_2/Musae-Github_(32)_embeddings_10-12-2025_15-59-55__f1_08474__17-07-05/run_report.json,,sgd,,"[64, 32]",tanh,0.0001,0.001,constant,128,,,,,,,,,,,,,,,
Musae-Github_(32)_embeddings_10-12-2025_15-59-55,MLP,20,0.8469859358666898,0.8538461538461538,fixed_mask_opt_only,22-12-2025_13-58-53,MLP,,,,data/output/OPTUNA_RUNS/SKLEARN_Classifiers-nokfold/22-12-2025_13-58-53/Musae-Github_(32)_embeddings_10-12-2025_15-59-55/MLP/Trial_20/Musae-Github_(32)_embeddings_10-12-2025_15-59-55__f1_08470__17-08-45/run_report.json,,adam,,"[128, 64, 32, 16]",tanh,0.001,0.01,invscaling,128,,,,,,,,,,,,,,,
Musae-Github_(32)_embeddings_10-12-2025_15-59-55,MLP,21,0.8523991065004338,0.8570291777188329,fixed_mask_opt_only,22-12-2025_13-58-53,MLP,,,,data/output/OPTUNA_RUNS/SKLEARN_Classifiers-nokfold/22-12-2025_13-58-53/Musae-Github_(32)_embeddings_10-12-2025_15-59-55/MLP/Trial_21/Musae-Github_(32)_embeddings_10-12-2025_15-59-55__f1_08524__17-08-56/run_report.json,,adam,,"[16, 8]",tanh,0.01,0.01,invscaling,128,,,,,,,,,,,,,,,
Musae-Github_(32)_embeddings_10-12-2025_15-59-55,MLP,22,0.8523991065004338,0.8570291777188329,fixed_mask_opt_only,22-12-2025_13-58-53,MLP,,,,data/output/OPTUNA_RUNS/SKLEARN_Classifiers-nokfold/22-12-2025_13-58-53/Musae-Github_(32)_embeddings_10-12-2025_15-59-55/MLP/Trial_22/Musae-Github_(32)_embeddings_10-12-2025_15-59-55__f1_08524__17-08-58/run_report.json,,adam,,"[16, 8]",tanh,0.01,0.01,invscaling,128,,,,,,,,,,,,,,,
Musae-Github_(32)_embeddings_10-12-2025_15-59-55,MLP,23,0.8523991065004338,0.8570291777188329,fixed_mask_opt_only,22-12-2025_13-58-53,MLP,,,,data/output/OPTUNA_RUNS/SKLEARN_Classifiers-nokfold/22-12-2025_13-58-53/Musae-Github_(32)_embeddings_10-12-2025_15-59-55/MLP/Trial_23/Musae-Github_(32)_embeddings_10-12-2025_15-59-55__f1_08524__17-09-01/run_report.json,,adam,,"[16, 8]",tanh,0.01,0.01,invscaling,128,,,,,,,,,,,,,,,
Musae-Github_(32)_embeddings_10-12-2025_15-59-55,MLP,24,0.8523991065004338,0.8570291777188329,fixed_mask_opt_only,22-12-2025_13-58-53,MLP,,,,data/output/OPTUNA_RUNS/SKLEARN_Classifiers-nokfold/22-12-2025_13-58-53/Musae-Github_(32)_embeddings_10-12-2025_15-59-55/MLP/Trial_24/Musae-Github_(32)_embeddings_10-12-2025_15-59-55__f1_08524__17-09-03/run_report.json,,adam,,"[16, 8]",tanh,0.01,0.01,invscaling,128,,,,,,,,,,,,,,,
Musae-Github_(32)_embeddings_10-12-2025_15-59-55,MLP,25,0.8499746539191547,0.8564986737400531,fixed_mask_opt_only,22-12-2025_13-58-53,MLP,,,,data/output/OPTUNA_RUNS/SKLEARN_Classifiers-nokfold/22-12-2025_13-58-53/Musae-Github_(32)_embeddings_10-12-2025_15-59-55/MLP/Trial_25/Musae-Github_(32)_embeddings_10-12-2025_15-59-55__f1_08500__17-09-06/run_report.json,,adam,,"[16, 8]",tanh,0.01,0.01,invscaling,auto,,,,,,,,,,,,,,,
Musae-Github_(32)_embeddings_10-12-2025_15-59-55,MLP,26,0.845423184873052,0.8541114058355438,fixed_mask_opt_only,22-12-2025_13-58-53,MLP,,,,data/output/OPTUNA_RUNS/SKLEARN_Classifiers-nokfold/22-12-2025_13-58-53/Musae-Github_(32)_embeddings_10-12-2025_15-59-55/MLP/Trial_26/Musae-Github_(32)_embeddings_10-12-2025_15-59-55__f1_08454__17-09-07/run_report.json,,adam,,"[16, 8]",identity,0.01,0.0001,invscaling,128,,,,,,,,,,,,,,,
Musae-Github_(32)_embeddings_10-12-2025_15-59-55,MLP,27,0.8523991065004338,0.8570291777188329,fixed_mask_opt_only,22-12-2025_13-58-53,MLP,,,,data/output/OPTUNA_RUNS/SKLEARN_Classifiers-nokfold/22-12-2025_13-58-53/Musae-Github_(32)_embeddings_10-12-2025_15-59-55/MLP/Trial_27/Musae-Github_(32)_embeddings_10-12-2025_15-59-55__f1_08524__17-09-08/run_report.json,,adam,,"[16, 8]",tanh,0.01,0.01,invscaling,128,,,,,,,,,,,,,,,
Musae-Github_(32)_embeddings_10-12-2025_15-59-55,MLP,28,0.8502998731784731,0.8554376657824934,fixed_mask_opt_only,22-12-2025_13-58-53,MLP,,,,data/output/OPTUNA_RUNS/SKLEARN_Classifiers-nokfold/22-12-2025_13-58-53/Musae-Github_(32)_embeddings_10-12-2025_15-59-55/MLP/Trial_28/Musae-Github_(32)_embeddings_10-12-2025_15-59-55__f1_08503__17-09-11/run_report.json,,adam,,"[16, 8]",tanh,0.001,0.01,constant,128,,,,,,,,,,,,,,,
Musae-Github_(32)_embeddings_10-12-2025_15-59-55,MLP,29,0.8523991065004338,0.8570291777188329,fixed_mask_opt_only,22-12-2025_13-58-53,MLP,,,,data/output/OPTUNA_RUNS/SKLEARN_Classifiers-nokfold/22-12-2025_13-58-53/Musae-Github_(32)_embeddings_10-12-2025_15-59-55/MLP/Trial_29/Musae-Github_(32)_embeddings_10-12-2025_15-59-55__f1_08524__17-09-13/run_report.json,,adam,,"[16, 8]",tanh,0.01,0.01,adaptive,128,,,,,,,,,,,,,,,
Musae-Github_(32)_embeddings_10-12-2025_15-59-55,MLP,3,0.8468319225399785,0.8530503978779841,fixed_mask_opt_only,22-12-2025_13-58-53,MLP,,,,data/output/OPTUNA_RUNS/SKLEARN_Classifiers-nokfold/22-12-2025_13-58-53/Musae-Github_(32)_embeddings_10-12-2025_15-59-55/MLP/Trial_3/Musae-Github_(32)_embeddings_10-12-2025_15-59-55__f1_08468__17-07-08/run_report.json,,sgd,,[64],tanh,0.0001,0.001,constant,128,,,,,,,,,,,,,,,
Musae-Github_(32)_embeddings_10-12-2025_15-59-55,MLP,4,0.8449313331309726,0.853315649867374,fixed_mask_opt_only,22-12-2025_13-58-53,MLP,,,,data/output/OPTUNA_RUNS/SKLEARN_Classifiers-nokfold/22-12-2025_13-58-53/Musae-Github_(32)_embeddings_10-12-2025_15-59-55/MLP/Trial_4/Musae-Github_(32)_embeddings_10-12-2025_15-59-55__f1_08449__17-07-10/run_report.json,,sgd,,"[128, 64, 32, 16]",identity,0.01,0.001,invscaling,auto,,,,,,,,,,,,,,,
Musae-Github_(32)_embeddings_10-12-2025_15-59-55,MLP,5,0.8466763459916796,0.8546419098143236,fixed_mask_opt_only,22-12-2025_13-58-53,MLP,,,,data/output/OPTUNA_RUNS/SKLEARN_Classifiers-nokfold/22-12-2025_13-58-53/Musae-Github_(32)_embeddings_10-12-2025_15-59-55/MLP/Trial_5/Musae-Github_(32)_embeddings_10-12-2025_15-59-55__f1_08467__17-07-14/run_report.json,,sgd,,"[128, 64]",identity,0.0001,0.01,constant,64,,,,,,,,,,,,,,,
Musae-Github_(32)_embeddings_10-12-2025_15-59-55,MLP,6,0.8439781578964949,0.8453580901856764,fixed_mask_opt_only,22-12-2025_13-58-53,MLP,,,,data/output/OPTUNA_RUNS/SKLEARN_Classifiers-nokfold/22-12-2025_13-58-53/Musae-Github_(32)_embeddings_10-12-2025_15-59-55/MLP/Trial_6/Musae-Github_(32)_embeddings_10-12-2025_15-59-55__f1_08440__17-07-20/run_report.json,,sgd,,[8],tanh,0.0001,0.001,invscaling,64,,,,,,,,,,,,,,,
Musae-Github_(32)_embeddings_10-12-2025_15-59-55,MLP,7,0.847591791039172,0.8530503978779841,fixed_mask_opt_only,22-12-2025_13-58-53,MLP,,,,data/output/OPTUNA_RUNS/SKLEARN_Classifiers-nokfold/22-12-2025_13-58-53/Musae-Github_(32)_embeddings_10-12-2025_15-59-55/MLP/Trial_7/Musae-Github_(32)_embeddings_10-12-2025_15-59-55__f1_08476__17-07-23/run_report.json,,sgd,,[128],tanh,0.0001,0.001,invscaling,64,,,,,,,,,,,,,,,
Musae-Github_(32)_embeddings_10-12-2025_15-59-55,MLP,8,0.8496842253184932,0.8549071618037135,fixed_mask_opt_only,22-12-2025_13-58-53,MLP,,,,data/output/OPTUNA_RUNS/SKLEARN_Classifiers-nokfold/22-12-2025_13-58-53/Musae-Github_(32)_embeddings_10-12-2025_15-59-55/MLP/Trial_8/Musae-Github_(32)_embeddings_10-12-2025_15-59-55__f1_08497__17-07-26/run_report.json,,adam,,[128],relu,0.01,0.001,adaptive,64,,,,,,,,,,,,,,,
Musae-Github_(32)_embeddings_10-12-2025_15-59-55,MLP,9,0.8497914585351057,0.8567639257294429,fixed_mask_opt_only,22-12-2025_13-58-53,MLP,,,,data/output/OPTUNA_RUNS/SKLEARN_Classifiers-nokfold/22-12-2025_13-58-53/Musae-Github_(32)_embeddings_10-12-2025_15-59-55/MLP/Trial_9/Musae-Github_(32)_embeddings_10-12-2025_15-59-55__f1_08498__17-07-38/run_report.json,,adam,,"[64, 32]",relu,0.001,0.0001,adaptive,64,,,,,,,,,,,,,,,
Musae-Github_(32)_embeddings_10-12-2025_15-59-55,QDA,0,0.8457602508525092,0.8506631299734748,fixed_mask_opt_only,22-12-2025_13-58-53,QDA,,,,data/output/OPTUNA_RUNS/SKLEARN_Classifiers-nokfold/22-12-2025_13-58-53/Musae-Github_(32)_embeddings_10-12-2025_15-59-55/QDA/Trial_0/Musae-Github_(32)_embeddings_10-12-2025_15-59-55__f1_08458__17-06-51/run_report.json,,,,,,,,,,0.5,0.0001,,,,,,,,,,,,,
Musae-Github_(32)_embeddings_10-12-2025_15-59-55,QDA,1,0.8439127830301107,0.8511936339522547,fixed_mask_opt_only,22-12-2025_13-58-53,QDA,,,,data/output/OPTUNA_RUNS/SKLEARN_Classifiers-nokfold/22-12-2025_13-58-53/Musae-Github_(32)_embeddings_10-12-2025_15-59-55/QDA/Trial_1/Musae-Github_(32)_embeddings_10-12-2025_15-59-55__f1_08439__17-06-51/run_report.json,,,,,,,,,,0.1,0.0001,,,,,,,,,,,,,
Musae-Github_(32)_embeddings_10-12-2025_15-59-55,QDA,10,0.8457602508525092,0.8506631299734748,fixed_mask_opt_only,22-12-2025_13-58-53,QDA,,,,data/output/OPTUNA_RUNS/SKLEARN_Classifiers-nokfold/22-12-2025_13-58-53/Musae-Github_(32)_embeddings_10-12-2025_15-59-55/QDA/Trial_10/Musae-Github_(32)_embeddings_10-12-2025_15-59-55__f1_08458__17-06-53/run_report.json,,,,,,,,,,0.5,0.0001,,,,,,,,,,,,,
Musae-Github_(32)_embeddings_10-12-2025_15-59-55,QDA,11,0.8457602508525092,0.8506631299734748,fixed_mask_opt_only,22-12-2025_13-58-53,QDA,,,,data/output/OPTUNA_RUNS/SKLEARN_Classifiers-nokfold/22-12-2025_13-58-53/Musae-Github_(32)_embeddings_10-12-2025_15-59-55/QDA/Trial_11/Musae-Github_(32)_embeddings_10-12-2025_15-59-55__f1_08458__17-06-54/run_report.json,,,,,,,,,,0.5,0.0001,,,,,,,,,,,,,
Musae-Github_(32)_embeddings_10-12-2025_15-59-55,QDA,12,0.8457602508525092,0.8506631299734748,fixed_mask_opt_only,22-12-2025_13-58-53,QDA,,,,data/output/OPTUNA_RUNS/SKLEARN_Classifiers-nokfold/22-12-2025_13-58-53/Musae-Github_(32)_embeddings_10-12-2025_15-59-55/QDA/Trial_12/Musae-Github_(32)_embeddings_10-12-2025_15-59-55__f1_08458__17-06-54/run_report.json,,,,,,,,,,0.5,0.0001,,,,,,,,,,,,,
Musae-Github_(32)_embeddings_10-12-2025_15-59-55,QDA,13,0.8372312817506988,0.843236074270557,fixed_mask_opt_only,22-12-2025_13-58-53,QDA,,,,data/output/OPTUNA_RUNS/SKLEARN_Classifiers-nokfold/22-12-2025_13-58-53/Musae-Github_(32)_embeddings_10-12-2025_15-59-55/QDA/Trial_13/Musae-Github_(32)_embeddings_10-12-2025_15-59-55__f1_08372__17-06-54/run_report.json,,,,,,,,,,0.01,0.0001,,,,,,,,,,,,,
Musae-Github_(32)_embeddings_10-12-2025_15-59-55,QDA,14,0.8457602508525092,0.8506631299734748,fixed_mask_opt_only,22-12-2025_13-58-53,QDA,,,,data/output/OPTUNA_RUNS/SKLEARN_Classifiers-nokfold/22-12-2025_13-58-53/Musae-Github_(32)_embeddings_10-12-2025_15-59-55/QDA/Trial_14/Musae-Github_(32)_embeddings_10-12-2025_15-59-55__f1_08458__17-06-54/run_report.json,,,,,,,,,,0.5,0.0001,,,,,,,,,,,,,
Musae-Github_(32)_embeddings_10-12-2025_15-59-55,QDA,15,0.8457602508525092,0.8506631299734748,fixed_mask_opt_only,22-12-2025_13-58-53,QDA,,,,data/output/OPTUNA_RUNS/SKLEARN_Classifiers-nokfold/22-12-2025_13-58-53/Musae-Github_(32)_embeddings_10-12-2025_15-59-55/QDA/Trial_15/Musae-Github_(32)_embeddings_10-12-2025_15-59-55__f1_08458__17-06-55/run_report.json,,,,,,,,,,0.5,0.0001,,,,,,,,,,,,,
Musae-Github_(32)_embeddings_10-12-2025_15-59-55,QDA,16,0.8372312817506988,0.843236074270557,fixed_mask_opt_only,22-12-2025_13-58-53,QDA,,,,data/output/OPTUNA_RUNS/SKLEARN_Classifiers-nokfold/22-12-2025_13-58-53/Musae-Github_(32)_embeddings_10-12-2025_15-59-55/QDA/Trial_16/Musae-Github_(32)_embeddings_10-12-2025_15-59-55__f1_08372__17-06-55/run_report.json,,,,,,,,,,0.01,0.0001,,,,,,,,,,,,,
Musae-Github_(32)_embeddings_10-12-2025_15-59-55,QDA,17,0.8333816403284697,0.8363395225464191,fixed_mask_opt_only,22-12-2025_13-58-53,QDA,,,,data/output/OPTUNA_RUNS/SKLEARN_Classifiers-nokfold/22-12-2025_13-58-53/Musae-Github_(32)_embeddings_10-12-2025_15-59-55/QDA/Trial_17/Musae-Github_(32)_embeddings_10-12-2025_15-59-55__f1_08334__17-06-55/run_report.json,,,,,,,,,,0.001,0.0001,,,,,,,,,,,,,
Musae-Github_(32)_embeddings_10-12-2025_15-59-55,QDA,18,0.8457602508525092,0.8506631299734748,fixed_mask_opt_only,22-12-2025_13-58-53,QDA,,,,data/output/OPTUNA_RUNS/SKLEARN_Classifiers-nokfold/22-12-2025_13-58-53/Musae-Github_(32)_embeddings_10-12-2025_15-59-55/QDA/Trial_18/Musae-Github_(32)_embeddings_10-12-2025_15-59-55__f1_08458__17-06-55/run_report.json,,,,,,,,,,0.5,0.0001,,,,,,,,,,,,,
Musae-Github_(32)_embeddings_10-12-2025_15-59-55,QDA,19,0.8457602508525092,0.8506631299734748,fixed_mask_opt_only,22-12-2025_13-58-53,QDA,,,,data/output/OPTUNA_RUNS/SKLEARN_Classifiers-nokfold/22-12-2025_13-58-53/Musae-Github_(32)_embeddings_10-12-2025_15-59-55/QDA/Trial_19/Musae-Github_(32)_embeddings_10-12-2025_15-59-55__f1_08458__17-06-56/run_report.json,,,,,,,,,,0.5,0.0001,,,,,,,,,,,,,
Musae-Github_(32)_embeddings_10-12-2025_15-59-55,QDA,2,0.8457602508525092,0.8506631299734748,fixed_mask_opt_only,22-12-2025_13-58-53,QDA,,,,data/output/OPTUNA_RUNS/SKLEARN_Classifiers-nokfold/22-12-2025_13-58-53/Musae-Github_(32)_embeddings_10-12-2025_15-59-55/QDA/Trial_2/Musae-Github_(32)_embeddings_10-12-2025_15-59-55__f1_08458__17-06-51/run_report.json,,,,,,,,,,0.5,0.0001,,,,,,,,,,,,,
Musae-Github_(32)_embeddings_10-12-2025_15-59-55,QDA,20,0.8457602508525092,0.8506631299734748,fixed_mask_opt_only,22-12-2025_13-58-53,QDA,,,,data/output/OPTUNA_RUNS/SKLEARN_Classifiers-nokfold/22-12-2025_13-58-53/Musae-Github_(32)_embeddings_10-12-2025_15-59-55/QDA/Trial_20/Musae-Github_(32)_embeddings_10-12-2025_15-59-55__f1_08458__17-06-56/run_report.json,,,,,,,,,,0.5,0.0001,,,,,,,,,,,,,
Musae-Github_(32)_embeddings_10-12-2025_15-59-55,QDA,21,0.8457602508525092,0.8506631299734748,fixed_mask_opt_only,22-12-2025_13-58-53,QDA,,,,data/output/OPTUNA_RUNS/SKLEARN_Classifiers-nokfold/22-12-2025_13-58-53/Musae-Github_(32)_embeddings_10-12-2025_15-59-55/QDA/Trial_21/Musae-Github_(32)_embeddings_10-12-2025_15-59-55__f1_08458__17-06-56/run_report.json,,,,,,,,,,0.5,0.0001,,,,,,,,,,,,,
Musae-Github_(32)_embeddings_10-12-2025_15-59-55,QDA,22,0.8457602508525092,0.8506631299734748,fixed_mask_opt_only,22-12-2025_13-58-53,QDA,,,,data/output/OPTUNA_RUNS/SKLEARN_Classifiers-nokfold/22-12-2025_13-58-53/Musae-Github_(32)_embeddings_10-12-2025_15-59-55/QDA/Trial_22/Musae-Github_(32)_embeddings_10-12-2025_15-59-55__f1_08458__17-06-56/run_report.json,,,,,,,,,,0.5,0.0001,,,,,,,,,,,,,
Musae-Github_(32)_embeddings_10-12-2025_15-59-55,QDA,23,0.8457602508525092,0.8506631299734748,fixed_mask_opt_only,22-12-2025_13-58-53,QDA,,,,data/output/OPTUNA_RUNS/SKLEARN_Classifiers-nokfold/22-12-2025_13-58-53/Musae-Github_(32)_embeddings_10-12-2025_15-59-55/QDA/Trial_23/Musae-Github_(32)_embeddings_10-12-2025_15-59-55__f1_08458__17-06-57/run_report.json,,,,,,,,,,0.5,0.0001,,,,,,,,,,,,,
Musae-Github_(32)_embeddings_10-12-2025_15-59-55,QDA,24,0.8333816403284697,0.8363395225464191,fixed_mask_opt_only,22-12-2025_13-58-53,QDA,,,,data/output/OPTUNA_RUNS/SKLEARN_Classifiers-nokfold/22-12-2025_13-58-53/Musae-Github_(32)_embeddings_10-12-2025_15-59-55/QDA/Trial_24/Musae-Github_(32)_embeddings_10-12-2025_15-59-55__f1_08334__17-06-57/run_report.json,,,,,,,,,,0.001,0.0001,,,,,,,,,,,,,
Musae-Github_(32)_embeddings_10-12-2025_15-59-55,QDA,25,0.8457602508525092,0.8506631299734748,fixed_mask_opt_only,22-12-2025_13-58-53,QDA,,,,data/output/OPTUNA_RUNS/SKLEARN_Classifiers-nokfold/22-12-2025_13-58-53/Musae-Github_(32)_embeddings_10-12-2025_15-59-55/QDA/Trial_25/Musae-Github_(32)_embeddings_10-12-2025_15-59-55__f1_08458__17-06-57/run_report.json,,,,,,,,,,0.5,0.0001,,,,,,,,,,,,,
Musae-Github_(32)_embeddings_10-12-2025_15-59-55,QDA,26,0.8372312817506988,0.843236074270557,fixed_mask_opt_only,22-12-2025_13-58-53,QDA,,,,data/output/OPTUNA_RUNS/SKLEARN_Classifiers-nokfold/22-12-2025_13-58-53/Musae-Github_(32)_embeddings_10-12-2025_15-59-55/QDA/Trial_26/Musae-Github_(32)_embeddings_10-12-2025_15-59-55__f1_08372__17-06-57/run_report.json,,,,,,,,,,0.01,0.0001,,,,,,,,,,,,,
Musae-Github_(32)_embeddings_10-12-2025_15-59-55,QDA,27,0.8457602508525092,0.8506631299734748,fixed_mask_opt_only,22-12-2025_13-58-53,QDA,,,,data/output/OPTUNA_RUNS/SKLEARN_Classifiers-nokfold/22-12-2025_13-58-53/Musae-Github_(32)_embeddings_10-12-2025_15-59-55/QDA/Trial_27/Musae-Github_(32)_embeddings_10-12-2025_15-59-55__f1_08458__17-06-58/run_report.json,,,,,,,,,,0.5,0.0001,,,,,,,,,,,,,
Musae-Github_(32)_embeddings_10-12-2025_15-59-55,QDA,28,0.8457602508525092,0.8506631299734748,fixed_mask_opt_only,22-12-2025_13-58-53,QDA,,,,data/output/OPTUNA_RUNS/SKLEARN_Classifiers-nokfold/22-12-2025_13-58-53/Musae-Github_(32)_embeddings_10-12-2025_15-59-55/QDA/Trial_28/Musae-Github_(32)_embeddings_10-12-2025_15-59-55__f1_08458__17-06-58/run_report.json,,,,,,,,,,0.5,0.0001,,,,,,,,,,,,,
Musae-Github_(32)_embeddings_10-12-2025_15-59-55,QDA,29,0.8439127830301107,0.8511936339522547,fixed_mask_opt_only,22-12-2025_13-58-53,QDA,,,,data/output/OPTUNA_RUNS/SKLEARN_Classifiers-nokfold/22-12-2025_13-58-53/Musae-Github_(32)_embeddings_10-12-2025_15-59-55/QDA/Trial_29/Musae-Github_(32)_embeddings_10-12-2025_15-59-55__f1_08439__17-06-58/run_report.json,,,,,,,,,,0.1,0.0001,,,,,,,,,,,,,
Musae-Github_(32)_embeddings_10-12-2025_15-59-55,QDA,3,0.8439127830301107,0.8511936339522547,fixed_mask_opt_only,22-12-2025_13-58-53,QDA,,,,data/output/OPTUNA_RUNS/SKLEARN_Classifiers-nokfold/22-12-2025_13-58-53/Musae-Github_(32)_embeddings_10-12-2025_15-59-55/QDA/Trial_3/Musae-Github_(32)_embeddings_10-12-2025_15-59-55__f1_08439__17-06-51/run_report.json,,,,,,,,,,0.1,0.0001,,,,,,,,,,,,,
Musae-Github_(32)_embeddings_10-12-2025_15-59-55,QDA,4,0.8333816403284697,0.8363395225464191,fixed_mask_opt_only,22-12-2025_13-58-53,QDA,,,,data/output/OPTUNA_RUNS/SKLEARN_Classifiers-nokfold/22-12-2025_13-58-53/Musae-Github_(32)_embeddings_10-12-2025_15-59-55/QDA/Trial_4/Musae-Github_(32)_embeddings_10-12-2025_15-59-55__f1_08334__17-06-52/run_report.json,,,,,,,,,,0.001,0.0001,,,,,,,,,,,,,
Musae-Github_(32)_embeddings_10-12-2025_15-59-55,QDA,5,0.8319048194571651,0.83342175066313,fixed_mask_opt_only,22-12-2025_13-58-53,QDA,,,,data/output/OPTUNA_RUNS/SKLEARN_Classifiers-nokfold/22-12-2025_13-58-53/Musae-Github_(32)_embeddings_10-12-2025_15-59-55/QDA/Trial_5/Musae-Github_(32)_embeddings_10-12-2025_15-59-55__f1_08319__17-06-52/run_report.json,,,,,,,,,,0.0,0.0001,,,,,,,,,,,,,
Musae-Github_(32)_embeddings_10-12-2025_15-59-55,QDA,6,0.8319048194571651,0.83342175066313,fixed_mask_opt_only,22-12-2025_13-58-53,QDA,,,,data/output/OPTUNA_RUNS/SKLEARN_Classifiers-nokfold/22-12-2025_13-58-53/Musae-Github_(32)_embeddings_10-12-2025_15-59-55/QDA/Trial_6/Musae-Github_(32)_embeddings_10-12-2025_15-59-55__f1_08319__17-06-52/run_report.json,,,,,,,,,,0.0,0.0001,,,,,,,,,,,,,
Musae-Github_(32)_embeddings_10-12-2025_15-59-55,QDA,7,0.8319048194571651,0.83342175066313,fixed_mask_opt_only,22-12-2025_13-58-53,QDA,,,,data/output/OPTUNA_RUNS/SKLEARN_Classifiers-nokfold/22-12-2025_13-58-53/Musae-Github_(32)_embeddings_10-12-2025_15-59-55/QDA/Trial_7/Musae-Github_(32)_embeddings_10-12-2025_15-59-55__f1_08319__17-06-52/run_report.json,,,,,,,,,,0.0,0.0001,,,,,,,,,,,,,
Musae-Github_(32)_embeddings_10-12-2025_15-59-55,QDA,8,0.8439127830301107,0.8511936339522547,fixed_mask_opt_only,22-12-2025_13-58-53,QDA,,,,data/output/OPTUNA_RUNS/SKLEARN_Classifiers-nokfold/22-12-2025_13-58-53/Musae-Github_(32)_embeddings_10-12-2025_15-59-55/QDA/Trial_8/Musae-Github_(32)_embeddings_10-12-2025_15-59-55__f1_08439__17-06-53/run_report.json,,,,,,,,,,0.1,0.0001,,,,,,,,,,,,,
Musae-Github_(32)_embeddings_10-12-2025_15-59-55,QDA,9,0.8319048194571651,0.83342175066313,fixed_mask_opt_only,22-12-2025_13-58-53,QDA,,,,data/output/OPTUNA_RUNS/SKLEARN_Classifiers-nokfold/22-12-2025_13-58-53/Musae-Github_(32)_embeddings_10-12-2025_15-59-55/QDA/Trial_9/Musae-Github_(32)_embeddings_10-12-2025_15-59-55__f1_08319__17-06-53/run_report.json,,,,,,,,,,0.0,0.0001,,,,,,,,,,,,,
Musae-Github_(32)_embeddings_10-12-2025_15-59-55,RandomForest,0,0.8427117215412516,0.8437665782493369,fixed_mask_opt_only,22-12-2025_13-58-53,RandomForest,,,,data/output/OPTUNA_RUNS/SKLEARN_Classifiers-nokfold/22-12-2025_13-58-53/Musae-Github_(32)_embeddings_10-12-2025_15-59-55/RandomForest/Trial_0/Musae-Github_(32)_embeddings_10-12-2025_15-59-55__f1_08427__16-59-56/run_report.json,,,balanced_subsample,,,,,,,,,300.0,10.0,10.0,sqrt,gini,,,,,,,,
Musae-Github_(32)_embeddings_10-12-2025_15-59-55,RandomForest,1,0.8431439758222822,0.8509283819628647,fixed_mask_opt_only,22-12-2025_13-58-53,RandomForest,,,,data/output/OPTUNA_RUNS/SKLEARN_Classifiers-nokfold/22-12-2025_13-58-53/Musae-Github_(32)_embeddings_10-12-2025_15-59-55/RandomForest/Trial_1/Musae-Github_(32)_embeddings_10-12-2025_15-59-55__f1_08431__17-00-04/run_report.json,,,balanced_subsample,,,,,,,,,300.0,30.0,2.0,log2,entropy,,,,,,,,
Musae-Github_(32)_embeddings_10-12-2025_15-59-55,RandomForest,10,0.8452440623189731,0.8514588859416445,fixed_mask_opt_only,22-12-2025_13-58-53,RandomForest,,,,data/output/OPTUNA_RUNS/SKLEARN_Classifiers-nokfold/22-12-2025_13-58-53/Musae-Github_(32)_embeddings_10-12-2025_15-59-55/RandomForest/Trial_10/Musae-Github_(32)_embeddings_10-12-2025_15-59-55__f1_08452__17-01-38/run_report.json,,,balanced_subsample,,,,,,,,,100.0,20.0,5.0,sqrt,entropy,,,,,,,,
Musae-Github_(32)_embeddings_10-12-2025_15-59-55,RandomForest,11,0.8452440623189731,0.8514588859416445,fixed_mask_opt_only,22-12-2025_13-58-53,RandomForest,,,,data/output/OPTUNA_RUNS/SKLEARN_Classifiers-nokfold/22-12-2025_13-58-53/Musae-Github_(32)_embeddings_10-12-2025_15-59-55/RandomForest/Trial_11/Musae-Github_(32)_embeddings_10-12-2025_15-59-55__f1_08452__17-01-42/run_report.json,,,balanced_subsample,,,,,,,,,100.0,20.0,5.0,sqrt,entropy,,,,,,,,
Musae-Github_(32)_embeddings_10-12-2025_15-59-55,RandomForest,12,0.8452440623189731,0.8514588859416445,fixed_mask_opt_only,22-12-2025_13-58-53,RandomForest,,,,data/output/OPTUNA_RUNS/SKLEARN_Classifiers-nokfold/22-12-2025_13-58-53/Musae-Github_(32)_embeddings_10-12-2025_15-59-55/RandomForest/Trial_12/Musae-Github_(32)_embeddings_10-12-2025_15-59-55__f1_08452__17-01-46/run_report.json,,,balanced_subsample,,,,,,,,,100.0,20.0,5.0,sqrt,entropy,,,,,,,,
Musae-Github_(32)_embeddings_10-12-2025_15-59-55,RandomForest,13,0.8452440623189731,0.8514588859416445,fixed_mask_opt_only,22-12-2025_13-58-53,RandomForest,,,,data/output/OPTUNA_RUNS/SKLEARN_Classifiers-nokfold/22-12-2025_13-58-53/Musae-Github_(32)_embeddings_10-12-2025_15-59-55/RandomForest/Trial_13/Musae-Github_(32)_embeddings_10-12-2025_15-59-55__f1_08452__17-01-51/run_report.json,,,balanced_subsample,,,,,,,,,100.0,20.0,5.0,sqrt,entropy,,,,,,,,
Musae-Github_(32)_embeddings_10-12-2025_15-59-55,RandomForest,14,0.8456262789038241,0.8517241379310345,fixed_mask_opt_only,22-12-2025_13-58-53,RandomForest,,,,data/output/OPTUNA_RUNS/SKLEARN_Classifiers-nokfold/22-12-2025_13-58-53/Musae-Github_(32)_embeddings_10-12-2025_15-59-55/RandomForest/Trial_14/Musae-Github_(32)_embeddings_10-12-2025_15-59-55__f1_08456__17-01-55/run_report.json,,,balanced,,,,,,,,,100.0,20.0,5.0,log2,entropy,,,,,,,,
Musae-Github_(32)_embeddings_10-12-2025_15-59-55,RandomForest,15,0.8444576794709422,0.8450928381962864,fixed_mask_opt_only,22-12-2025_13-58-53,RandomForest,,,,data/output/OPTUNA_RUNS/SKLEARN_Classifiers-nokfold/22-12-2025_13-58-53/Musae-Github_(32)_embeddings_10-12-2025_15-59-55/RandomForest/Trial_15/Musae-Github_(32)_embeddings_10-12-2025_15-59-55__f1_08445__17-02-00/run_report.json,,,balanced,,,,,,,,,500.0,10.0,5.0,log2,entropy,,,,,,,,
Musae-Github_(32)_embeddings_10-12-2025_15-59-55,RandomForest,16,0.8456262789038241,0.8517241379310345,fixed_mask_opt_only,22-12-2025_13-58-53,RandomForest,,,,data/output/OPTUNA_RUNS/SKLEARN_Classifiers-nokfold/22-12-2025_13-58-53/Musae-Github_(32)_embeddings_10-12-2025_15-59-55/RandomForest/Trial_16/Musae-Github_(32)_embeddings_10-12-2025_15-59-55__f1_08456__17-02-15/run_report.json,,,balanced,,,,,,,,,100.0,20.0,5.0,log2,entropy,,,,,,,,
Musae-Github_(32)_embeddings_10-12-2025_15-59-55,RandomForest,17,0.8456262789038241,0.8517241379310345,fixed_mask_opt_only,22-12-2025_13-58-53,RandomForest,,,,data/output/OPTUNA_RUNS/SKLEARN_Classifiers-nokfold/22-12-2025_13-58-53/Musae-Github_(32)_embeddings_10-12-2025_15-59-55/RandomForest/Trial_17/Musae-Github_(32)_embeddings_10-12-2025_15-59-55__f1_08456__17-02-19/run_report.json,,,balanced,,,,,,,,,100.0,20.0,5.0,log2,entropy,,,,,,,,
Musae-Github_(32)_embeddings_10-12-2025_15-59-55,RandomForest,18,0.8442602522385433,0.8509283819628647,fixed_mask_opt_only,22-12-2025_13-58-53,RandomForest,,,,data/output/OPTUNA_RUNS/SKLEARN_Classifiers-nokfold/22-12-2025_13-58-53/Musae-Github_(32)_embeddings_10-12-2025_15-59-55/RandomForest/Trial_18/Musae-Github_(32)_embeddings_10-12-2025_15-59-55__f1_08443__17-02-24/run_report.json,,,balanced,,,,,,,,,100.0,20.0,2.0,log2,entropy,,,,,,,,
Musae-Github_(32)_embeddings_10-12-2025_15-59-55,RandomForest,19,0.84285964193126,0.843501326259947,fixed_mask_opt_only,22-12-2025_13-58-53,RandomForest,,,,data/output/OPTUNA_RUNS/SKLEARN_Classifiers-nokfold/22-12-2025_13-58-53/Musae-Github_(32)_embeddings_10-12-2025_15-59-55/RandomForest/Trial_19/Musae-Github_(32)_embeddings_10-12-2025_15-59-55__f1_08429__17-02-28/run_report.json,,,balanced,,,,,,,,,200.0,10.0,5.0,log2,entropy,,,,,,,,
Musae-Github_(32)_embeddings_10-12-2025_15-59-55,RandomForest,2,0.8414402157381545,0.8469496021220159,fixed_mask_opt_only,22-12-2025_13-58-53,RandomForest,,,,data/output/OPTUNA_RUNS/SKLEARN_Classifiers-nokfold/22-12-2025_13-58-53/Musae-Github_(32)_embeddings_10-12-2025_15-59-55/RandomForest/Trial_2/Musae-Github_(32)_embeddings_10-12-2025_15-59-55__f1_08414__17-00-16/run_report.json,,,balanced,,,,,,,,,300.0,30.0,10.0,sqrt,gini,,,,,,,,
Musae-Github_(32)_embeddings_10-12-2025_15-59-55,RandomForest,20,0.8470027907861648,0.853315649867374,fixed_mask_opt_only,22-12-2025_13-58-53,RandomForest,,,,data/output/OPTUNA_RUNS/SKLEARN_Classifiers-nokfold/22-12-2025_13-58-53/Musae-Github_(32)_embeddings_10-12-2025_15-59-55/RandomForest/Trial_20/Musae-Github_(32)_embeddings_10-12-2025_15-59-55__f1_08470__17-02-34/run_report.json,,,balanced,,,,,,,,,500.0,20.0,5.0,log2,entropy,,,,,,,,
Musae-Github_(32)_embeddings_10-12-2025_15-59-55,RandomForest,21,0.8470027907861648,0.853315649867374,fixed_mask_opt_only,22-12-2025_13-58-53,RandomForest,,,,data/output/OPTUNA_RUNS/SKLEARN_Classifiers-nokfold/22-12-2025_13-58-53/Musae-Github_(32)_embeddings_10-12-2025_15-59-55/RandomForest/Trial_21/Musae-Github_(32)_embeddings_10-12-2025_15-59-55__f1_08470__17-02-55/run_report.json,,,balanced,,,,,,,,,500.0,20.0,5.0,log2,entropy,,,,,,,,
Musae-Github_(32)_embeddings_10-12-2025_15-59-55,RandomForest,22,0.8470027907861648,0.853315649867374,fixed_mask_opt_only,22-12-2025_13-58-53,RandomForest,,,,data/output/OPTUNA_RUNS/SKLEARN_Classifiers-nokfold/22-12-2025_13-58-53/Musae-Github_(32)_embeddings_10-12-2025_15-59-55/RandomForest/Trial_22/Musae-Github_(32)_embeddings_10-12-2025_15-59-55__f1_08470__17-03-16/run_report.json,,,balanced,,,,,,,,,500.0,20.0,5.0,log2,entropy,,,,,,,,
Musae-Github_(32)_embeddings_10-12-2025_15-59-55,RandomForest,23,0.8470027907861648,0.853315649867374,fixed_mask_opt_only,22-12-2025_13-58-53,RandomForest,,,,data/output/OPTUNA_RUNS/SKLEARN_Classifiers-nokfold/22-12-2025_13-58-53/Musae-Github_(32)_embeddings_10-12-2025_15-59-55/RandomForest/Trial_23/Musae-Github_(32)_embeddings_10-12-2025_15-59-55__f1_08470__17-03-37/run_report.json,,,balanced,,,,,,,,,500.0,20.0,5.0,log2,entropy,,,,,,,,
Musae-Github_(32)_embeddings_10-12-2025_15-59-55,RandomForest,24,0.8470027907861648,0.853315649867374,fixed_mask_opt_only,22-12-2025_13-58-53,RandomForest,,,,data/output/OPTUNA_RUNS/SKLEARN_Classifiers-nokfold/22-12-2025_13-58-53/Musae-Github_(32)_embeddings_10-12-2025_15-59-55/RandomForest/Trial_24/Musae-Github_(32)_embeddings_10-12-2025_15-59-55__f1_08470__17-03-58/run_report.json,,,balanced,,,,,,,,,500.0,20.0,5.0,log2,entropy,,,,,,,,
Musae-Github_(32)_embeddings_10-12-2025_15-59-55,RandomForest,25,0.8468883812683641,0.8535809018567639,fixed_mask_opt_only,22-12-2025_13-58-53,RandomForest,,,,data/output/OPTUNA_RUNS/SKLEARN_Classifiers-nokfold/22-12-2025_13-58-53/Musae-Github_(32)_embeddings_10-12-2025_15-59-55/RandomForest/Trial_25/Musae-Github_(32)_embeddings_10-12-2025_15-59-55__f1_08469__17-04-20/run_report.json,,,balanced,,,,,,,,,500.0,20.0,2.0,log2,entropy,,,,,,,,
Musae-Github_(32)_embeddings_10-12-2025_15-59-55,RandomForest,26,0.8470027907861648,0.853315649867374,fixed_mask_opt_only,22-12-2025_13-58-53,RandomForest,,,,data/output/OPTUNA_RUNS/SKLEARN_Classifiers-nokfold/22-12-2025_13-58-53/Musae-Github_(32)_embeddings_10-12-2025_15-59-55/RandomForest/Trial_26/Musae-Github_(32)_embeddings_10-12-2025_15-59-55__f1_08470__17-04-41/run_report.json,,,balanced,,,,,,,,,500.0,20.0,5.0,log2,entropy,,,,,,,,
Musae-Github_(32)_embeddings_10-12-2025_15-59-55,RandomForest,27,0.8447845071529427,0.8519893899204244,fixed_mask_opt_only,22-12-2025_13-58-53,RandomForest,,,,data/output/OPTUNA_RUNS/SKLEARN_Classifiers-nokfold/22-12-2025_13-58-53/Musae-Github_(32)_embeddings_10-12-2025_15-59-55/RandomForest/Trial_27/Musae-Github_(32)_embeddings_10-12-2025_15-59-55__f1_08448__17-05-02/run_report.json,,,balanced,,,,,,,,,500.0,,5.0,log2,entropy,,,,,,,,
Musae-Github_(32)_embeddings_10-12-2025_15-59-55,RandomForest,28,0.8444576794709422,0.8450928381962864,fixed_mask_opt_only,22-12-2025_13-58-53,RandomForest,,,,data/output/OPTUNA_RUNS/SKLEARN_Classifiers-nokfold/22-12-2025_13-58-53/Musae-Github_(32)_embeddings_10-12-2025_15-59-55/RandomForest/Trial_28/Musae-Github_(32)_embeddings_10-12-2025_15-59-55__f1_08445__17-05-25/run_report.json,,,balanced,,,,,,,,,500.0,10.0,5.0,log2,entropy,,,,,,,,
Musae-Github_(32)_embeddings_10-12-2025_15-59-55,RandomForest,29,0.8461747911945015,0.8474801061007957,fixed_mask_opt_only,22-12-2025_13-58-53,RandomForest,,,,data/output/OPTUNA_RUNS/SKLEARN_Classifiers-nokfold/22-12-2025_13-58-53/Musae-Github_(32)_embeddings_10-12-2025_15-59-55/RandomForest/Trial_29/Musae-Github_(32)_embeddings_10-12-2025_15-59-55__f1_08462__17-05-40/run_report.json,,,balanced,,,,,,,,,500.0,10.0,2.0,log2,gini,,,,,,,,
Musae-Github_(32)_embeddings_10-12-2025_15-59-55,RandomForest,3,0.8449085555584179,0.8527851458885941,fixed_mask_opt_only,22-12-2025_13-58-53,RandomForest,,,,data/output/OPTUNA_RUNS/SKLEARN_Classifiers-nokfold/22-12-2025_13-58-53/Musae-Github_(32)_embeddings_10-12-2025_15-59-55/RandomForest/Trial_3/Musae-Github_(32)_embeddings_10-12-2025_15-59-55__f1_08449__17-00-27/run_report.json,,,balanced,,,,,,,,,100.0,30.0,2.0,log2,entropy,,,,,,,,
Musae-Github_(32)_embeddings_10-12-2025_15-59-55,RandomForest,4,0.8439478647118659,0.8493368700265252,fixed_mask_opt_only,22-12-2025_13-58-53,RandomForest,,,,data/output/OPTUNA_RUNS/SKLEARN_Classifiers-nokfold/22-12-2025_13-58-53/Musae-Github_(32)_embeddings_10-12-2025_15-59-55/RandomForest/Trial_4/Musae-Github_(32)_embeddings_10-12-2025_15-59-55__f1_08439__17-00-31/run_report.json,,,balanced,,,,,,,,,500.0,30.0,10.0,log2,entropy,,,,,,,,
Musae-Github_(32)_embeddings_10-12-2025_15-59-55,RandomForest,5,0.8456262789038241,0.8517241379310345,fixed_mask_opt_only,22-12-2025_13-58-53,RandomForest,,,,data/output/OPTUNA_RUNS/SKLEARN_Classifiers-nokfold/22-12-2025_13-58-53/Musae-Github_(32)_embeddings_10-12-2025_15-59-55/RandomForest/Trial_5/Musae-Github_(32)_embeddings_10-12-2025_15-59-55__f1_08456__17-00-52/run_report.json,,,balanced,,,,,,,,,100.0,20.0,5.0,log2,entropy,,,,,,,,
Musae-Github_(32)_embeddings_10-12-2025_15-59-55,RandomForest,6,0.8428574653712924,0.849867374005305,fixed_mask_opt_only,22-12-2025_13-58-53,RandomForest,,,,data/output/OPTUNA_RUNS/SKLEARN_Classifiers-nokfold/22-12-2025_13-58-53/Musae-Github_(32)_embeddings_10-12-2025_15-59-55/RandomForest/Trial_6/Musae-Github_(32)_embeddings_10-12-2025_15-59-55__f1_08429__17-00-56/run_report.json,,,balanced,,,,,,,,,300.0,,5.0,log2,gini,,,,,,,,
Musae-Github_(32)_embeddings_10-12-2025_15-59-55,RandomForest,7,0.8426443359386239,0.8477453580901857,fixed_mask_opt_only,22-12-2025_13-58-53,RandomForest,,,,data/output/OPTUNA_RUNS/SKLEARN_Classifiers-nokfold/22-12-2025_13-58-53/Musae-Github_(32)_embeddings_10-12-2025_15-59-55/RandomForest/Trial_7/Musae-Github_(32)_embeddings_10-12-2025_15-59-55__f1_08426__17-01-09/run_report.json,,,balanced,,,,,,,,,300.0,20.0,10.0,sqrt,gini,,,,,,,,
Musae-Github_(32)_embeddings_10-12-2025_15-59-55,RandomForest,8,0.8412996605611024,0.8469496021220159,fixed_mask_opt_only,22-12-2025_13-58-53,RandomForest,,,,data/output/OPTUNA_RUNS/SKLEARN_Classifiers-nokfold/22-12-2025_13-58-53/Musae-Github_(32)_embeddings_10-12-2025_15-59-55/RandomForest/Trial_8/Musae-Github_(32)_embeddings_10-12-2025_15-59-55__f1_08413__17-01-21/run_report.json,,,balanced_subsample,,,,,,,,,200.0,,10.0,log2,gini,,,,,,,,
Musae-Github_(32)_embeddings_10-12-2025_15-59-55,RandomForest,9,0.8415101409614292,0.8469496021220159,fixed_mask_opt_only,22-12-2025_13-58-53,RandomForest,,,,data/output/OPTUNA_RUNS/SKLEARN_Classifiers-nokfold/22-12-2025_13-58-53/Musae-Github_(32)_embeddings_10-12-2025_15-59-55/RandomForest/Trial_9/Musae-Github_(32)_embeddings_10-12-2025_15-59-55__f1_08415__17-01-29/run_report.json,,,balanced,,,,,,,,,200.0,,10.0,log2,gini,,,,,,,,
Musae-Github_(32)_embeddings_10-12-2025_15-59-55,SVM,0,0.8367787303152073,0.8342175066312998,fixed_mask_opt_only,22-12-2025_13-58-53,SVM,,,,data/output/OPTUNA_RUNS/SKLEARN_Classifiers-nokfold/22-12-2025_13-58-53/Musae-Github_(32)_embeddings_10-12-2025_15-59-55/SVM/Trial_0/Musae-Github_(32)_embeddings_10-12-2025_15-59-55__f1_08368__17-05-54/run_report.json,50.0,,balanced,,,,,,,,1e-05,,,,,,l2,squared_hinge,False,,,,,
Musae-Github_(32)_embeddings_10-12-2025_15-59-55,SVM,1,0.8407820398207331,0.8395225464190982,fixed_mask_opt_only,22-12-2025_13-58-53,SVM,,,,data/output/OPTUNA_RUNS/SKLEARN_Classifiers-nokfold/22-12-2025_13-58-53/Musae-Github_(32)_embeddings_10-12-2025_15-59-55/SVM/Trial_1/Musae-Github_(32)_embeddings_10-12-2025_15-59-55__f1_08408__17-05-54/run_report.json,0.01,,balanced,,,,,,,,1e-05,,,,,,l1,squared_hinge,False,,,,,
Musae-Github_(32)_embeddings_10-12-2025_15-59-55,SVM,10,0.8367787303152073,0.8342175066312998,fixed_mask_opt_only,22-12-2025_13-58-53,SVM,,,,data/output/OPTUNA_RUNS/SKLEARN_Classifiers-nokfold/22-12-2025_13-58-53/Musae-Github_(32)_embeddings_10-12-2025_15-59-55/SVM/Trial_10/Musae-Github_(32)_embeddings_10-12-2025_15-59-55__f1_08368__17-06-08/run_report.json,10.0,,balanced,,,,,,,,1e-05,,,,,,l2,squared_hinge,False,,,,,
Musae-Github_(32)_embeddings_10-12-2025_15-59-55,SVM,11,0.8407820398207331,0.8395225464190982,fixed_mask_opt_only,22-12-2025_13-58-53,SVM,,,,data/output/OPTUNA_RUNS/SKLEARN_Classifiers-nokfold/22-12-2025_13-58-53/Musae-Github_(32)_embeddings_10-12-2025_15-59-55/SVM/Trial_11/Musae-Github_(32)_embeddings_10-12-2025_15-59-55__f1_08408__17-06-09/run_report.json,0.01,,balanced,,,,,,,,1e-05,,,,,,l1,squared_hinge,False,,,,,
Musae-Github_(32)_embeddings_10-12-2025_15-59-55,SVM,12,0.8376384573382074,0.8352785145888594,fixed_mask_opt_only,22-12-2025_13-58-53,SVM,,,,data/output/OPTUNA_RUNS/SKLEARN_Classifiers-nokfold/22-12-2025_13-58-53/Musae-Github_(32)_embeddings_10-12-2025_15-59-55/SVM/Trial_12/Musae-Github_(32)_embeddings_10-12-2025_15-59-55__f1_08376__17-06-10/run_report.json,0.1,,balanced,,,,,,,,1e-05,,,,,,l1,squared_hinge,False,,,,,
Musae-Github_(32)_embeddings_10-12-2025_15-59-55,SVM,13,0.8407820398207331,0.8395225464190982,fixed_mask_opt_only,22-12-2025_13-58-53,SVM,,,,data/output/OPTUNA_RUNS/SKLEARN_Classifiers-nokfold/22-12-2025_13-58-53/Musae-Github_(32)_embeddings_10-12-2025_15-59-55/SVM/Trial_13/Musae-Github_(32)_embeddings_10-12-2025_15-59-55__f1_08408__17-06-14/run_report.json,0.01,,balanced,,,,,,,,1e-05,,,,,,l1,squared_hinge,False,,,,,
Musae-Github_(32)_embeddings_10-12-2025_15-59-55,SVM,14,0.8407820398207331,0.8395225464190982,fixed_mask_opt_only,22-12-2025_13-58-53,SVM,,,,data/output/OPTUNA_RUNS/SKLEARN_Classifiers-nokfold/22-12-2025_13-58-53/Musae-Github_(32)_embeddings_10-12-2025_15-59-55/SVM/Trial_14/Musae-Github_(32)_embeddings_10-12-2025_15-59-55__f1_08408__17-06-15/run_report.json,0.01,,balanced,,,,,,,,1e-05,,,,,,l1,squared_hinge,False,,,,,
Musae-Github_(32)_embeddings_10-12-2025_15-59-55,SVM,15,0.8407820398207331,0.8395225464190982,fixed_mask_opt_only,22-12-2025_13-58-53,SVM,,,,data/output/OPTUNA_RUNS/SKLEARN_Classifiers-nokfold/22-12-2025_13-58-53/Musae-Github_(32)_embeddings_10-12-2025_15-59-55/SVM/Trial_15/Musae-Github_(32)_embeddings_10-12-2025_15-59-55__f1_08408__17-06-17/run_report.json,0.01,,balanced,,,,,,,,1e-05,,,,,,l1,squared_hinge,False,,,,,
Musae-Github_(32)_embeddings_10-12-2025_15-59-55,SVM,16,0.8364944308462418,0.8339522546419098,fixed_mask_opt_only,22-12-2025_13-58-53,SVM,,,,data/output/OPTUNA_RUNS/SKLEARN_Classifiers-nokfold/22-12-2025_13-58-53/Musae-Github_(32)_embeddings_10-12-2025_15-59-55/SVM/Trial_16/Musae-Github_(32)_embeddings_10-12-2025_15-59-55__f1_08365__17-06-19/run_report.json,50.0,,balanced,,,,,,,,1e-05,,,,,,l1,squared_hinge,False,,,,,
Musae-Github_(32)_embeddings_10-12-2025_15-59-55,SVM,17,0.8364944308462418,0.8339522546419098,fixed_mask_opt_only,22-12-2025_13-58-53,SVM,,,,data/output/OPTUNA_RUNS/SKLEARN_Classifiers-nokfold/22-12-2025_13-58-53/Musae-Github_(32)_embeddings_10-12-2025_15-59-55/SVM/Trial_17/Musae-Github_(32)_embeddings_10-12-2025_15-59-55__f1_08365__17-06-24/run_report.json,100.0,,balanced,,,,,,,,1e-05,,,,,,l1,squared_hinge,False,,,,,
Musae-Github_(32)_embeddings_10-12-2025_15-59-55,SVM,18,0.8366860370982427,0.8342175066312998,fixed_mask_opt_only,22-12-2025_13-58-53,SVM,,,,data/output/OPTUNA_RUNS/SKLEARN_Classifiers-nokfold/22-12-2025_13-58-53/Musae-Github_(32)_embeddings_10-12-2025_15-59-55/SVM/Trial_18/Musae-Github_(32)_embeddings_10-12-2025_15-59-55__f1_08367__17-06-28/run_report.json,0.1,,balanced,,,,,,,,1e-05,,,,,,l2,squared_hinge,False,,,,,
Musae-Github_(32)_embeddings_10-12-2025_15-59-55,SVM,19,0.8364944308462418,0.8339522546419098,fixed_mask_opt_only,22-12-2025_13-58-53,SVM,,,,data/output/OPTUNA_RUNS/SKLEARN_Classifiers-nokfold/22-12-2025_13-58-53/Musae-Github_(32)_embeddings_10-12-2025_15-59-55/SVM/Trial_19/Musae-Github_(32)_embeddings_10-12-2025_15-59-55__f1_08365__17-06-28/run_report.json,10.0,,balanced,,,,,,,,1e-05,,,,,,l1,squared_hinge,False,,,,,
Musae-Github_(32)_embeddings_10-12-2025_15-59-55,SVM,2,0.8404942165843278,0.8392572944297082,fixed_mask_opt_only,22-12-2025_13-58-53,SVM,,,,data/output/OPTUNA_RUNS/SKLEARN_Classifiers-nokfold/22-12-2025_13-58-53/Musae-Github_(32)_embeddings_10-12-2025_15-59-55/SVM/Trial_2/Musae-Github_(32)_embeddings_10-12-2025_15-59-55__f1_08405__17-05-56/run_report.json,0.01,,balanced,,,,,,,,0.0001,,,,,,l1,squared_hinge,False,,,,,
Musae-Github_(32)_embeddings_10-12-2025_15-59-55,SVM,20,0.8407820398207331,0.8395225464190982,fixed_mask_opt_only,22-12-2025_13-58-53,SVM,,,,data/output/OPTUNA_RUNS/SKLEARN_Classifiers-nokfold/22-12-2025_13-58-53/Musae-Github_(32)_embeddings_10-12-2025_15-59-55/SVM/Trial_20/Musae-Github_(32)_embeddings_10-12-2025_15-59-55__f1_08408__17-06-32/run_report.json,0.01,,balanced,,,,,,,,1e-05,,,,,,l1,squared_hinge,False,,,,,
Musae-Github_(32)_embeddings_10-12-2025_15-59-55,SVM,21,0.8407820398207331,0.8395225464190982,fixed_mask_opt_only,22-12-2025_13-58-53,SVM,,,,data/output/OPTUNA_RUNS/SKLEARN_Classifiers-nokfold/22-12-2025_13-58-53/Musae-Github_(32)_embeddings_10-12-2025_15-59-55/SVM/Trial_21/Musae-Github_(32)_embeddings_10-12-2025_15-59-55__f1_08408__17-06-34/run_report.json,0.01,,balanced,,,,,,,,1e-05,,,,,,l1,squared_hinge,False,,,,,
Musae-Github_(32)_embeddings_10-12-2025_15-59-55,SVM,22,0.8407820398207331,0.8395225464190982,fixed_mask_opt_only,22-12-2025_13-58-53,SVM,,,,data/output/OPTUNA_RUNS/SKLEARN_Classifiers-nokfold/22-12-2025_13-58-53/Musae-Github_(32)_embeddings_10-12-2025_15-59-55/SVM/Trial_22/Musae-Github_(32)_embeddings_10-12-2025_15-59-55__f1_08408__17-06-36/run_report.json,0.01,,balanced,,,,,,,,1e-05,,,,,,l1,squared_hinge,False,,,,,
Musae-Github_(32)_embeddings_10-12-2025_15-59-55,SVM,23,0.8407820398207331,0.8395225464190982,fixed_mask_opt_only,22-12-2025_13-58-53,SVM,,,,data/output/OPTUNA_RUNS/SKLEARN_Classifiers-nokfold/22-12-2025_13-58-53/Musae-Github_(32)_embeddings_10-12-2025_15-59-55/SVM/Trial_23/Musae-Github_(32)_embeddings_10-12-2025_15-59-55__f1_08408__17-06-38/run_report.json,0.01,,balanced,,,,,,,,1e-05,,,,,,l1,squared_hinge,False,,,,,
Musae-Github_(32)_embeddings_10-12-2025_15-59-55,SVM,24,0.8407820398207331,0.8395225464190982,fixed_mask_opt_only,22-12-2025_13-58-53,SVM,,,,data/output/OPTUNA_RUNS/SKLEARN_Classifiers-nokfold/22-12-2025_13-58-53/Musae-Github_(32)_embeddings_10-12-2025_15-59-55/SVM/Trial_24/Musae-Github_(32)_embeddings_10-12-2025_15-59-55__f1_08408__17-06-39/run_report.json,0.01,,balanced,,,,,,,,1e-05,,,,,,l1,squared_hinge,False,,,,,
Musae-Github_(32)_embeddings_10-12-2025_15-59-55,SVM,25,0.8407820398207331,0.8395225464190982,fixed_mask_opt_only,22-12-2025_13-58-53,SVM,,,,data/output/OPTUNA_RUNS/SKLEARN_Classifiers-nokfold/22-12-2025_13-58-53/Musae-Github_(32)_embeddings_10-12-2025_15-59-55/SVM/Trial_25/Musae-Github_(32)_embeddings_10-12-2025_15-59-55__f1_08408__17-06-41/run_report.json,0.01,,balanced,,,,,,,,1e-05,,,,,,l1,squared_hinge,False,,,,,
Musae-Github_(32)_embeddings_10-12-2025_15-59-55,SVM,26,0.8385944133400183,0.8366047745358091,fixed_mask_opt_only,22-12-2025_13-58-53,SVM,,,,data/output/OPTUNA_RUNS/SKLEARN_Classifiers-nokfold/22-12-2025_13-58-53/Musae-Github_(32)_embeddings_10-12-2025_15-59-55/SVM/Trial_26/Musae-Github_(32)_embeddings_10-12-2025_15-59-55__f1_08386__17-06-43/run_report.json,0.01,,balanced,,,,,,,,1e-05,,,,,,l2,squared_hinge,False,,,,,
Musae-Github_(32)_embeddings_10-12-2025_15-59-55,SVM,27,0.8364944308462418,0.8339522546419098,fixed_mask_opt_only,22-12-2025_13-58-53,SVM,,,,data/output/OPTUNA_RUNS/SKLEARN_Classifiers-nokfold/22-12-2025_13-58-53/Musae-Github_(32)_embeddings_10-12-2025_15-59-55/SVM/Trial_27/Musae-Github_(32)_embeddings_10-12-2025_15-59-55__f1_08365__17-06-43/run_report.json,50.0,,balanced,,,,,,,,1e-05,,,,,,l1,squared_hinge,False,,,,,
Musae-Github_(32)_embeddings_10-12-2025_15-59-55,SVM,28,0.8376384573382074,0.8352785145888594,fixed_mask_opt_only,22-12-2025_13-58-53,SVM,,,,data/output/OPTUNA_RUNS/SKLEARN_Classifiers-nokfold/22-12-2025_13-58-53/Musae-Github_(32)_embeddings_10-12-2025_15-59-55/SVM/Trial_28/Musae-Github_(32)_embeddings_10-12-2025_15-59-55__f1_08376__17-06-47/run_report.json,0.1,,balanced,,,,,,,,1e-05,,,,,,l1,squared_hinge,False,,,,,
Musae-Github_(32)_embeddings_10-12-2025_15-59-55,SVM,29,0.8367787303152073,0.8342175066312998,fixed_mask_opt_only,22-12-2025_13-58-53,SVM,,,,data/output/OPTUNA_RUNS/SKLEARN_Classifiers-nokfold/22-12-2025_13-58-53/Musae-Github_(32)_embeddings_10-12-2025_15-59-55/SVM/Trial_29/Musae-Github_(32)_embeddings_10-12-2025_15-59-55__f1_08368__17-06-50/run_report.json,10.0,,balanced,,,,,,,,1e-05,,,,,,l2,squared_hinge,False,,,,,
Musae-Github_(32)_embeddings_10-12-2025_15-59-55,SVM,3,0.8341064596543012,0.8323607427055703,fixed_mask_opt_only,22-12-2025_13-58-53,SVM,,,,data/output/OPTUNA_RUNS/SKLEARN_Classifiers-nokfold/22-12-2025_13-58-53/Musae-Github_(32)_embeddings_10-12-2025_15-59-55/SVM/Trial_3/Musae-Github_(32)_embeddings_10-12-2025_15-59-55__f1_08341__17-05-58/run_report.json,0.001,,balanced,,,,,,,,0.0001,,,,,,l1,squared_hinge,False,,,,,
Musae-Github_(32)_embeddings_10-12-2025_15-59-55,SVM,4,0.8362564222522159,0.8336870026525199,fixed_mask_opt_only,22-12-2025_13-58-53,SVM,,,,data/output/OPTUNA_RUNS/SKLEARN_Classifiers-nokfold/22-12-2025_13-58-53/Musae-Github_(32)_embeddings_10-12-2025_15-59-55/SVM/Trial_4/Musae-Github_(32)_embeddings_10-12-2025_15-59-55__f1_08363__17-05-58/run_report.json,1.0,,balanced,,,,,,,,0.0001,,,,,,l1,squared_hinge,False,,,,,
Musae-Github_(32)_embeddings_10-12-2025_15-59-55,SVM,5,0.8362564222522159,0.8336870026525199,fixed_mask_opt_only,22-12-2025_13-58-53,SVM,,,,data/output/OPTUNA_RUNS/SKLEARN_Classifiers-nokfold/22-12-2025_13-58-53/Musae-Github_(32)_embeddings_10-12-2025_15-59-55/SVM/Trial_5/Musae-Github_(32)_embeddings_10-12-2025_15-59-55__f1_08363__17-06-02/run_report.json,1.0,,balanced,,,,,,,,0.0001,,,,,,l1,squared_hinge,False,,,,,
Musae-Github_(32)_embeddings_10-12-2025_15-59-55,SVM,6,0.8404942165843278,0.8392572944297082,fixed_mask_opt_only,22-12-2025_13-58-53,SVM,,,,data/output/OPTUNA_RUNS/SKLEARN_Classifiers-nokfold/22-12-2025_13-58-53/Musae-Github_(32)_embeddings_10-12-2025_15-59-55/SVM/Trial_6/Musae-Github_(32)_embeddings_10-12-2025_15-59-55__f1_08405__17-06-06/run_report.json,0.01,,balanced,,,,,,,,0.0001,,,,,,l1,squared_hinge,False,,,,,
Musae-Github_(32)_embeddings_10-12-2025_15-59-55,SVM,7,0.8341064596543012,0.8323607427055703,fixed_mask_opt_only,22-12-2025_13-58-53,SVM,,,,data/output/OPTUNA_RUNS/SKLEARN_Classifiers-nokfold/22-12-2025_13-58-53/Musae-Github_(32)_embeddings_10-12-2025_15-59-55/SVM/Trial_7/Musae-Github_(32)_embeddings_10-12-2025_15-59-55__f1_08341__17-06-08/run_report.json,0.001,,balanced,,,,,,,,1e-05,,,,,,l1,squared_hinge,False,,,,,
Musae-Github_(32)_embeddings_10-12-2025_15-59-55,SVM,8,0.8367787303152073,0.8342175066312998,fixed_mask_opt_only,22-12-2025_13-58-53,SVM,,,,data/output/OPTUNA_RUNS/SKLEARN_Classifiers-nokfold/22-12-2025_13-58-53/Musae-Github_(32)_embeddings_10-12-2025_15-59-55/SVM/Trial_8/Musae-Github_(32)_embeddings_10-12-2025_15-59-55__f1_08368__17-06-08/run_report.json,100.0,,balanced,,,,,,,,0.0001,,,,,,l2,squared_hinge,False,,,,,
Musae-Github_(32)_embeddings_10-12-2025_15-59-55,SVM,9,0.8399259512257506,0.8384615384615385,fixed_mask_opt_only,22-12-2025_13-58-53,SVM,,,,data/output/OPTUNA_RUNS/SKLEARN_Classifiers-nokfold/22-12-2025_13-58-53/Musae-Github_(32)_embeddings_10-12-2025_15-59-55/SVM/Trial_9/Musae-Github_(32)_embeddings_10-12-2025_15-59-55__f1_08399__17-06-08/run_report.json,0.001,,balanced,,,,,,,,1e-05,,,,,,l2,squared_hinge,False,,,,,
Musae-Github_(32)_embeddings_10-12-2025_15-59-55,XGBoost,0,0.840998704048633,0.8456233421750663,fixed_mask_opt_only,22-12-2025_13-58-53,XGBoost,,,,data/output/OPTUNA_RUNS/SKLEARN_Classifiers-nokfold/22-12-2025_13-58-53/Musae-Github_(32)_embeddings_10-12-2025_15-59-55/XGBoost/Trial_0/Musae-Github_(32)_embeddings_10-12-2025_15-59-55__f1_08410__17-09-15/run_report.json,,,,,,,,0.3,,,,300.0,12.0,,,,,,,1.0,0.8,0.0,1.0,2.0
Musae-Github_(32)_embeddings_10-12-2025_15-59-55,XGBoost,1,0.8479266018898325,0.8496021220159151,fixed_mask_opt_only,22-12-2025_13-58-53,XGBoost,,,,data/output/OPTUNA_RUNS/SKLEARN_Classifiers-nokfold/22-12-2025_13-58-53/Musae-Github_(32)_embeddings_10-12-2025_15-59-55/XGBoost/Trial_1/Musae-Github_(32)_embeddings_10-12-2025_15-59-55__f1_08479__17-09-17/run_report.json,,,,,,,,0.01,,,,300.0,3.0,,,,,,,0.8,1.0,0.1,3.0,2.0
Musae-Github_(32)_embeddings_10-12-2025_15-59-55,XGBoost,10,0.8506712961845119,0.8543766578249337,fixed_mask_opt_only,22-12-2025_13-58-53,XGBoost,,,,data/output/OPTUNA_RUNS/SKLEARN_Classifiers-nokfold/22-12-2025_13-58-53/Musae-Github_(32)_embeddings_10-12-2025_15-59-55/XGBoost/Trial_10/Musae-Github_(32)_embeddings_10-12-2025_15-59-55__f1_08507__17-09-22/run_report.json,,,,,,,,0.01,,,,300.0,3.0,,,,,,,0.8,1.0,0.1,5.0,1.5
Musae-Github_(32)_embeddings_10-12-2025_15-59-55,XGBoost,11,0.8506712961845119,0.8543766578249337,fixed_mask_opt_only,22-12-2025_13-58-53,XGBoost,,,,data/output/OPTUNA_RUNS/SKLEARN_Classifiers-nokfold/22-12-2025_13-58-53/Musae-Github_(32)_embeddings_10-12-2025_15-59-55/XGBoost/Trial_11/Musae-Github_(32)_embeddings_10-12-2025_15-59-55__f1_08507__17-09-23/run_report.json,,,,,,,,0.01,,,,300.0,3.0,,,,,,,0.8,1.0,0.1,5.0,1.5
Musae-Github_(32)_embeddings_10-12-2025_15-59-55,XGBoost,12,0.8506712961845119,0.8543766578249337,fixed_mask_opt_only,22-12-2025_13-58-53,XGBoost,,,,data/output/OPTUNA_RUNS/SKLEARN_Classifiers-nokfold/22-12-2025_13-58-53/Musae-Github_(32)_embeddings_10-12-2025_15-59-55/XGBoost/Trial_12/Musae-Github_(32)_embeddings_10-12-2025_15-59-55__f1_08507__17-09-23/run_report.json,,,,,,,,0.01,,,,300.0,3.0,,,,,,,0.8,1.0,0.1,5.0,1.5
Musae-Github_(32)_embeddings_10-12-2025_15-59-55,XGBoost,13,0.8506712961845119,0.8543766578249337,fixed_mask_opt_only,22-12-2025_13-58-53,XGBoost,,,,data/output/OPTUNA_RUNS/SKLEARN_Classifiers-nokfold/22-12-2025_13-58-53/Musae-Github_(32)_embeddings_10-12-2025_15-59-55/XGBoost/Trial_13/Musae-Github_(32)_embeddings_10-12-2025_15-59-55__f1_08507__17-09-24/run_report.json,,,,,,,,0.01,,,,300.0,3.0,,,,,,,0.8,1.0,0.1,5.0,1.5
Musae-Github_(32)_embeddings_10-12-2025_15-59-55,XGBoost,14,0.8512100748556966,0.8551724137931035,fixed_mask_opt_only,22-12-2025_13-58-53,XGBoost,,,,data/output/OPTUNA_RUNS/SKLEARN_Classifiers-nokfold/22-12-2025_13-58-53/Musae-Github_(32)_embeddings_10-12-2025_15-59-55/XGBoost/Trial_14/Musae-Github_(32)_embeddings_10-12-2025_15-59-55__f1_08512__17-09-24/run_report.json,,,,,,,,0.01,,,,300.0,3.0,,,,,,,0.8,0.8,0.1,5.0,1.5
Musae-Github_(32)_embeddings_10-12-2025_15-59-55,XGBoost,15,0.8515178435399311,0.8551724137931035,fixed_mask_opt_only,22-12-2025_13-58-53,XGBoost,,,,data/output/OPTUNA_RUNS/SKLEARN_Classifiers-nokfold/22-12-2025_13-58-53/Musae-Github_(32)_embeddings_10-12-2025_15-59-55/XGBoost/Trial_15/Musae-Github_(32)_embeddings_10-12-2025_15-59-55__f1_08515__17-09-25/run_report.json,,,,,,,,0.05,,,,300.0,3.0,,,,,,,0.8,0.8,0.1,5.0,1.5
Musae-Github_(32)_embeddings_10-12-2025_15-59-55,XGBoost,16,0.8515178435399311,0.8551724137931035,fixed_mask_opt_only,22-12-2025_13-58-53,XGBoost,,,,data/output/OPTUNA_RUNS/SKLEARN_Classifiers-nokfold/22-12-2025_13-58-53/Musae-Github_(32)_embeddings_10-12-2025_15-59-55/XGBoost/Trial_16/Musae-Github_(32)_embeddings_10-12-2025_15-59-55__f1_08515__17-09-25/run_report.json,,,,,,,,0.05,,,,300.0,3.0,,,,,,,0.8,0.8,0.1,5.0,1.5
Musae-Github_(32)_embeddings_10-12-2025_15-59-55,XGBoost,17,0.8458751259637256,0.8527851458885941,fixed_mask_opt_only,22-12-2025_13-58-53,XGBoost,,,,data/output/OPTUNA_RUNS/SKLEARN_Classifiers-nokfold/22-12-2025_13-58-53/Musae-Github_(32)_embeddings_10-12-2025_15-59-55/XGBoost/Trial_17/Musae-Github_(32)_embeddings_10-12-2025_15-59-55__f1_08459__17-09-25/run_report.json,,,,,,,,0.05,,,,300.0,3.0,,,,,,,1.0,0.8,0.1,5.0,1.0
Musae-Github_(32)_embeddings_10-12-2025_15-59-55,XGBoost,18,0.8499412569931979,0.8538461538461538,fixed_mask_opt_only,22-12-2025_13-58-53,XGBoost,,,,data/output/OPTUNA_RUNS/SKLEARN_Classifiers-nokfold/22-12-2025_13-58-53/Musae-Github_(32)_embeddings_10-12-2025_15-59-55/XGBoost/Trial_18/Musae-Github_(32)_embeddings_10-12-2025_15-59-55__f1_08499__17-09-26/run_report.json,,,,,,,,0.05,,,,300.0,9.0,,,,,,,0.8,0.8,0.5,5.0,1.5
Musae-Github_(32)_embeddings_10-12-2025_15-59-55,XGBoost,19,0.8508547877766803,0.8543766578249337,fixed_mask_opt_only,22-12-2025_13-58-53,XGBoost,,,,data/output/OPTUNA_RUNS/SKLEARN_Classifiers-nokfold/22-12-2025_13-58-53/Musae-Github_(32)_embeddings_10-12-2025_15-59-55/XGBoost/Trial_19/Musae-Github_(32)_embeddings_10-12-2025_15-59-55__f1_08509__17-09-27/run_report.json,,,,,,,,0.05,,,,100.0,3.0,,,,,,,0.8,0.8,0.0,5.0,1.5
Musae-Github_(32)_embeddings_10-12-2025_15-59-55,XGBoost,2,0.8467899810093614,0.853315649867374,fixed_mask_opt_only,22-12-2025_13-58-53,XGBoost,,,,data/output/OPTUNA_RUNS/SKLEARN_Classifiers-nokfold/22-12-2025_13-58-53/Musae-Github_(32)_embeddings_10-12-2025_15-59-55/XGBoost/Trial_2/Musae-Github_(32)_embeddings_10-12-2025_15-59-55__f1_08468__17-09-17/run_report.json,,,,,,,,0.1,,,,300.0,9.0,,,,,,,1.0,1.0,0.5,5.0,1.0
Musae-Github_(32)_embeddings_10-12-2025_15-59-55,XGBoost,20,0.8517603411675442,0.8551724137931035,fixed_mask_opt_only,22-12-2025_13-58-53,XGBoost,,,,data/output/OPTUNA_RUNS/SKLEARN_Classifiers-nokfold/22-12-2025_13-58-53/Musae-Github_(32)_embeddings_10-12-2025_15-59-55/XGBoost/Trial_20/Musae-Github_(32)_embeddings_10-12-2025_15-59-55__f1_08518__17-09-27/run_report.json,,,,,,,,0.05,,,,300.0,3.0,,,,,,,1.0,0.8,0.1,5.0,1.5
Musae-Github_(32)_embeddings_10-12-2025_15-59-55,XGBoost,21,0.8517603411675442,0.8551724137931035,fixed_mask_opt_only,22-12-2025_13-58-53,XGBoost,,,,data/output/OPTUNA_RUNS/SKLEARN_Classifiers-nokfold/22-12-2025_13-58-53/Musae-Github_(32)_embeddings_10-12-2025_15-59-55/XGBoost/Trial_21/Musae-Github_(32)_embeddings_10-12-2025_15-59-55__f1_08518__17-09-28/run_report.json,,,,,,,,0.05,,,,300.0,3.0,,,,,,,1.0,0.8,0.1,5.0,1.5
Musae-Github_(32)_embeddings_10-12-2025_15-59-55,XGBoost,22,0.8517603411675442,0.8551724137931035,fixed_mask_opt_only,22-12-2025_13-58-53,XGBoost,,,,data/output/OPTUNA_RUNS/SKLEARN_Classifiers-nokfold/22-12-2025_13-58-53/Musae-Github_(32)_embeddings_10-12-2025_15-59-55/XGBoost/Trial_22/Musae-Github_(32)_embeddings_10-12-2025_15-59-55__f1_08518__17-09-28/run_report.json,,,,,,,,0.05,,,,300.0,3.0,,,,,,,1.0,0.8,0.1,5.0,1.5
Musae-Github_(32)_embeddings_10-12-2025_15-59-55,XGBoost,23,0.8517603411675442,0.8551724137931035,fixed_mask_opt_only,22-12-2025_13-58-53,XGBoost,,,,data/output/OPTUNA_RUNS/SKLEARN_Classifiers-nokfold/22-12-2025_13-58-53/Musae-Github_(32)_embeddings_10-12-2025_15-59-55/XGBoost/Trial_23/Musae-Github_(32)_embeddings_10-12-2025_15-59-55__f1_08518__17-09-28/run_report.json,,,,,,,,0.05,,,,300.0,3.0,,,,,,,1.0,0.8,0.1,5.0,1.5
Musae-Github_(32)_embeddings_10-12-2025_15-59-55,XGBoost,24,0.8458751259637256,0.8527851458885941,fixed_mask_opt_only,22-12-2025_13-58-53,XGBoost,,,,data/output/OPTUNA_RUNS/SKLEARN_Classifiers-nokfold/22-12-2025_13-58-53/Musae-Github_(32)_embeddings_10-12-2025_15-59-55/XGBoost/Trial_24/Musae-Github_(32)_embeddings_10-12-2025_15-59-55__f1_08459__17-09-29/run_report.json,,,,,,,,0.05,,,,300.0,3.0,,,,,,,1.0,0.8,0.1,5.0,1.0
Musae-Github_(32)_embeddings_10-12-2025_15-59-55,XGBoost,25,0.8522432474687117,0.8557029177718833,fixed_mask_opt_only,22-12-2025_13-58-53,XGBoost,,,,data/output/OPTUNA_RUNS/SKLEARN_Classifiers-nokfold/22-12-2025_13-58-53/Musae-Github_(32)_embeddings_10-12-2025_15-59-55/XGBoost/Trial_25/Musae-Github_(32)_embeddings_10-12-2025_15-59-55__f1_08522__17-09-29/run_report.json,,,,,,,,0.05,,,,300.0,3.0,,,,,,,1.0,0.8,0.1,1.0,1.5
Musae-Github_(32)_embeddings_10-12-2025_15-59-55,XGBoost,26,0.8485480896635229,0.8525198938992042,fixed_mask_opt_only,22-12-2025_13-58-53,XGBoost,,,,data/output/OPTUNA_RUNS/SKLEARN_Classifiers-nokfold/22-12-2025_13-58-53/Musae-Github_(32)_embeddings_10-12-2025_15-59-55/XGBoost/Trial_26/Musae-Github_(32)_embeddings_10-12-2025_15-59-55__f1_08485__17-09-30/run_report.json,,,,,,,,0.05,,,,300.0,6.0,,,,,,,1.0,0.8,0.1,1.0,1.5
Musae-Github_(32)_embeddings_10-12-2025_15-59-55,XGBoost,27,0.8503613136216743,0.8543766578249337,fixed_mask_opt_only,22-12-2025_13-58-53,XGBoost,,,,data/output/OPTUNA_RUNS/SKLEARN_Classifiers-nokfold/22-12-2025_13-58-53/Musae-Github_(32)_embeddings_10-12-2025_15-59-55/XGBoost/Trial_27/Musae-Github_(32)_embeddings_10-12-2025_15-59-55__f1_08504__17-09-30/run_report.json,,,,,,,,0.05,,,,300.0,9.0,,,,,,,1.0,0.8,0.1,1.0,1.5
Musae-Github_(32)_embeddings_10-12-2025_15-59-55,XGBoost,28,0.8488507836867443,0.8538461538461538,fixed_mask_opt_only,22-12-2025_13-58-53,XGBoost,,,,data/output/OPTUNA_RUNS/SKLEARN_Classifiers-nokfold/22-12-2025_13-58-53/Musae-Github_(32)_embeddings_10-12-2025_15-59-55/XGBoost/Trial_28/Musae-Github_(32)_embeddings_10-12-2025_15-59-55__f1_08489__17-09-32/run_report.json,,,,,,,,0.05,,,,100.0,12.0,,,,,,,1.0,0.8,0.0,1.0,1.5
Musae-Github_(32)_embeddings_10-12-2025_15-59-55,XGBoost,29,0.8465166306700522,0.849867374005305,fixed_mask_opt_only,22-12-2025_13-58-53,XGBoost,,,,data/output/OPTUNA_RUNS/SKLEARN_Classifiers-nokfold/22-12-2025_13-58-53/Musae-Github_(32)_embeddings_10-12-2025_15-59-55/XGBoost/Trial_29/Musae-Github_(32)_embeddings_10-12-2025_15-59-55__f1_08465__17-09-33/run_report.json,,,,,,,,0.05,,,,200.0,12.0,,,,,,,1.0,0.8,0.5,1.0,2.0
Musae-Github_(32)_embeddings_10-12-2025_15-59-55,XGBoost,3,0.8295344901806523,0.8275862068965517,fixed_mask_opt_only,22-12-2025_13-58-53,XGBoost,,,,data/output/OPTUNA_RUNS/SKLEARN_Classifiers-nokfold/22-12-2025_13-58-53/Musae-Github_(32)_embeddings_10-12-2025_15-59-55/XGBoost/Trial_3/Musae-Github_(32)_embeddings_10-12-2025_15-59-55__f1_08295__17-09-18/run_report.json,,,,,,,,0.3,,,,100.0,6.0,,,,,,,0.8,0.6,0.1,1.0,3.0
Musae-Github_(32)_embeddings_10-12-2025_15-59-55,XGBoost,4,0.8405304646559391,0.8403183023872679,fixed_mask_opt_only,22-12-2025_13-58-53,XGBoost,,,,data/output/OPTUNA_RUNS/SKLEARN_Classifiers-nokfold/22-12-2025_13-58-53/Musae-Github_(32)_embeddings_10-12-2025_15-59-55/XGBoost/Trial_4/Musae-Github_(32)_embeddings_10-12-2025_15-59-55__f1_08405__17-09-18/run_report.json,,,,,,,,0.05,,,,100.0,12.0,,,,,,,0.6,0.6,0.0,3.0,3.0
Musae-Github_(32)_embeddings_10-12-2025_15-59-55,XGBoost,5,0.8381792614602269,0.8411140583554376,fixed_mask_opt_only,22-12-2025_13-58-53,XGBoost,,,,data/output/OPTUNA_RUNS/SKLEARN_Classifiers-nokfold/22-12-2025_13-58-53/Musae-Github_(32)_embeddings_10-12-2025_15-59-55/XGBoost/Trial_5/Musae-Github_(32)_embeddings_10-12-2025_15-59-55__f1_08382__17-09-19/run_report.json,,,,,,,,0.3,,,,200.0,9.0,,,,,,,0.8,0.6,0.5,1.0,3.0
Musae-Github_(32)_embeddings_10-12-2025_15-59-55,XGBoost,6,0.8361571079536058,0.8344827586206897,fixed_mask_opt_only,22-12-2025_13-58-53,XGBoost,,,,data/output/OPTUNA_RUNS/SKLEARN_Classifiers-nokfold/22-12-2025_13-58-53/Musae-Github_(32)_embeddings_10-12-2025_15-59-55/XGBoost/Trial_6/Musae-Github_(32)_embeddings_10-12-2025_15-59-55__f1_08362__17-09-20/run_report.json,,,,,,,,0.01,,,,200.0,3.0,,,,,,,0.6,0.6,0.5,3.0,3.0
Musae-Github_(32)_embeddings_10-12-2025_15-59-55,XGBoost,7,0.8299377511380306,0.8283819628647214,fixed_mask_opt_only,22-12-2025_13-58-53,XGBoost,,,,data/output/OPTUNA_RUNS/SKLEARN_Classifiers-nokfold/22-12-2025_13-58-53/Musae-Github_(32)_embeddings_10-12-2025_15-59-55/XGBoost/Trial_7/Musae-Github_(32)_embeddings_10-12-2025_15-59-55__f1_08299__17-09-20/run_report.json,,,,,,,,0.3,,,,200.0,6.0,,,,,,,0.6,0.6,0.0,3.0,3.0
Musae-Github_(32)_embeddings_10-12-2025_15-59-55,XGBoost,8,0.8458402278209878,0.846684350132626,fixed_mask_opt_only,22-12-2025_13-58-53,XGBoost,,,,data/output/OPTUNA_RUNS/SKLEARN_Classifiers-nokfold/22-12-2025_13-58-53/Musae-Github_(32)_embeddings_10-12-2025_15-59-55/XGBoost/Trial_8/Musae-Github_(32)_embeddings_10-12-2025_15-59-55__f1_08458__17-09-21/run_report.json,,,,,,,,0.1,,,,100.0,6.0,,,,,,,0.6,1.0,0.1,3.0,2.0
Musae-Github_(32)_embeddings_10-12-2025_15-59-55,XGBoost,9,0.840178085024097,0.8419098143236075,fixed_mask_opt_only,22-12-2025_13-58-53,XGBoost,,,,data/output/OPTUNA_RUNS/SKLEARN_Classifiers-nokfold/22-12-2025_13-58-53/Musae-Github_(32)_embeddings_10-12-2025_15-59-55/XGBoost/Trial_9/Musae-Github_(32)_embeddings_10-12-2025_15-59-55__f1_08402__17-09-21/run_report.json,,,,,,,,0.1,,,,200.0,12.0,,,,,,,0.6,0.6,0.1,3.0,3.0
